country_code,n_loans,total_loan_amount,population,population_below_poverty_line,poverty_rate,iso3,urban_rural_gap
AF,2337,1967950.0,35530081.0,35.8,0.358,AFG,0.21499999999999997
AL,3075,4307350.0,2930187.0,14.3,0.14300000000000002,ALB,0.004
AM,13952,22950475.0,2930450.0,32.0,0.32,ARM,0.0
AZ,10172,14784625.0,9827589.0,4.9,0.049,AZE,0.026000000000000002
BA,608,477250.0,3507017.0,17.2,0.172,BIH,0.0
BF,3489,4085200.0,19193382.0,40.1,0.401,BFA,0.395
BG,296,375300.0,7084571.0,22.0,0.22,BGR,
BI,1727,5233450.0,10864245.0,64.6,0.6459999999999999,BDI,0.272
BJ,5946,3865825.0,11175692.0,36.2,0.36200000000000004,BEN,0.194
BO,25250,44226725.0,11051600.0,38.6,0.386,BOL,0.17200000000000001
BR,482,1192325.0,209288278.0,3.7,0.037000000000000005,BRA,0.038
BT,2,20000.0,807610.0,13.3,0.133,BTN,0.14
BW,1,8000.0,2291661.0,30.3,0.303,BWA,
BZ,218,150175.0,374681.0,41.0,0.41,BLZ,0.022
CA,1,50000.0,36624199.0,9.4,0.094,CAN,
CD,5074,18813425.0,81339988.0,63.0,0.63,COD,0.258
CG,952,2265350.0,5260750.0,46.5,0.465,COG,0.21100000000000002
CI,283,345300.0,24294750.0,46.3,0.46299999999999997,CIV,0.265
CL,892,2595925.0,18054726.0,14.4,0.14400000000000002,CHL,
CM,5085,2250800.0,24053727.0,30.0,0.3,CMR,0.30200000000000005
CN,134,380525.0,1409517397.0,3.3,0.033,CHN,0.021
CO,33675,23613975.0,49065615.0,27.8,0.278,COL,0.052
CR,4681,5644350.0,4905769.0,21.7,0.217,CRI,
DO,4654,9308000.0,10766998.0,30.5,0.305,DOM,0.019
EC,33471,35519000.0,16624858.0,25.6,0.256,ECU,0.024999999999999998
EG,2460,1415025.0,97553151.0,25.2,0.252,EGY,0.009000000000000001
GE,6483,9570425.0,3912061.0,9.2,0.092,GEO,
GH,22121,15262725.0,28833629.0,24.2,0.242,GHA,0.15999999999999998
GT,12864,18718050.0,16913503.0,59.3,0.593,GTM,0.113
GU,4,17300.0,,,,GUM,
GZ,8,5000.0,,,,,
HN,15130,11989325.0,9265067.0,29.6,0.29600000000000004,HND,0.097
HT,4765,4496150.0,10981229.0,58.5,0.585,HTI,0.22900000000000004
ID,10699,8104600.0,263991379.0,10.9,0.109,IDN,0.054
IL,464,1732725.0,8321570.0,22.0,0.22,ISR,
IN,15104,8988200.0,1339180127.0,21.9,0.21899999999999997,IND,0.186
IQ,3570,9166125.0,38274618.0,23.0,0.23,IRQ,0.05500000000000001
JO,10161,11007450.0,9702353.0,14.2,0.142,JOR,0.001
KE,143699,66735975.0,49699862.0,43.4,0.434,KEN,0.16899999999999998
KG,11243,14726900.0,6045117.0,32.1,0.321,KGZ,0.003
KH,79701,51613525.0,16005373.0,17.7,0.177,KHM,0.14100000000000001
LA,1758,1284800.0,6858160.0,22.0,0.22,LAO,0.191
LB,20083,27397150.0,6082357.0,28.6,0.28600000000000003,LBN,
LK,264,74800.0,20876917.0,6.7,0.067,LKA,
LR,11170,3928775.0,4731906.0,54.1,0.541,LBR,0.191
LS,648,516450.0,2233339.0,57.0,0.57,LSO,0.135
MD,732,1357300.0,4051212.0,20.8,0.20800000000000002,MDA,0.002
MG,4872,1539075.0,25570895.0,70.7,0.7070000000000001,MDG,0.28300000000000003
ML,13352,15504675.0,18541980.0,36.1,0.361,MLI,0.341
MM,2724,4201550.0,53370609.0,25.6,0.256,MMR,0.128
MN,9659,15348375.0,3075647.0,21.6,0.21600000000000003,MNG,0.083
MR,1,15000.0,4420184.0,31.0,0.31,MRT,0.294
MW,1731,2182675.0,18622104.0,50.7,0.507,MWI,0.17900000000000002
MX,19708,25106300.0,129163276.0,46.2,0.462,MEX,0.012
MZ,7086,4181100.0,29668834.0,46.1,0.461,MOZ,0.291
NAN,9,39525.0,2533794.0,28.7,0.287,,
NG,20015,7751725.0,190886311.0,70.0,0.7,NGA,0.284
NI,42519,30153225.0,6217581.0,29.6,0.29600000000000004,NIC,0.135
NP,2215,756125.0,29304998.0,25.2,0.252,NPL,0.11599999999999999
PA,196,321275.0,4098587.0,23.0,0.23,PAN,
PE,86000,79437775.0,32165485.0,22.7,0.22699999999999998,PER,0.10200000000000001
PG,1,50000.0,8251162.0,37.0,0.37,PNG,
PH,285336,97984600.0,104918090.0,21.6,0.21600000000000003,PHL,0.033
PK,45120,24995850.0,197015955.0,29.5,0.295,PAK,0.212
PR,80,441900.0,3663131.0,,,PRI,
PS,13422,22316675.0,4920724.0,,,PSE,-0.001
PY,24787,53964700.0,6811297.0,22.2,0.222,PRY,
RW,16774,29157325.0,12208407.0,39.1,0.391,RWA,0.179
SB,903,815575.0,611343.0,,,SLB,
SL,15576,11967500.0,7557212.0,70.2,0.7020000000000001,SLE,0.28
SN,12107,17952175.0,15850567.0,46.7,0.467,SEN,0.32999999999999996
SO,227,308725.0,14742523.0,,,SOM,0.35800000000000004
SR,292,748925.0,563402.0,70.0,0.7,SUR,0.055
SS,5820,2418300.0,12575714.0,50.6,0.506,SSD,0.13199999999999995
SV,64037,41691550.0,6377853.0,34.9,0.349,SLV,0.041999999999999996
TD,61,20075.0,14899994.0,46.7,0.467,TCD,0.258
TG,17106,10022825.0,7797694.0,55.1,0.551,TGO,0.27499999999999997
TH,247,608925.0,69037513.0,7.2,0.07200000000000001,THA,0.002
TJ,43942,39622125.0,8921343.0,31.5,0.315,TJK,0.045
TL,3816,3482400.0,1296311.0,41.8,0.418,TLS,0.238
TR,2008,903925.0,80745020.0,21.9,0.21899999999999997,TUR,
TZ,16110,18720300.0,57310019.0,22.8,0.228,TZA,0.22899999999999998
UA,4994,7091800.0,44222947.0,24.1,0.24100000000000002,UKR,0.003
UG,45882,38386500.0,42862958.0,19.7,0.19699999999999998,UGA,0.27499999999999997
US,9180,46352000.0,324459463.0,15.1,0.151,USA,
UY,1,8000.0,3456750.0,9.7,0.09699999999999999,URY,
VC,16,49225.0,,,,VCT,
VI,2,10000.0,,,,VIR,
VN,21839,24681100.0,95540800.0,11.3,0.113,VNM,0.023
VU,4,9250.0,,,,VUT,0.11599999999999999
WS,16435,12212175.0,196440.0,,,WSM,
XK,2178,3083025.0,1895250.0,30.0,0.3,,
YE,4206,3444000.0,28250420.0,54.0,0.54,YEM,0.22399999999999998
ZA,633,1006525.0,56717156.0,16.6,0.166,ZAF,0.054000000000000006
ZM,1277,1978975.0,17094130.0,60.5,0.605,ZMB,0.25
ZW,5513,5851875.0,16529904.0,72.3,0.723,ZWE,0.168
