country_code,year,n_loans,total_loan_amount,gdp_pc_const2015,log_gdp_pc
AF,2015,1,6000.0,565.5697304087512,6.337833595485375
AF,2016,1,8000.0,563.8723367231469,6.334827872548524
AL,2013,3,5850.0,3895.899756219416,8.267679934508259
AL,2014,603,902550.0,4045.119348849334,8.305266334335277
AL,2015,638,844375.0,4199.539129253976,8.342730067120554
AL,2016,475,639025.0,4431.556358141677,8.396506123719536
AL,2017,215,274700.0,4648.230786606584,8.44424195018346
AM,2013,79,131725.0,3266.2988299987346,8.091412766588741
AM,2014,1968,3280025.0,3393.0925232688396,8.129497033280357
AM,2015,2534,3519825.0,3512.3935027670905,8.164052993685441
AM,2016,2902,4357525.0,3533.8850360700676,8.170153121527093
AM,2017,1148,1626300.0,3815.374742603702,8.246794167624104
AZ,2013,12,22400.0,5425.995597805777,8.598956681903726
AZ,2014,986,1662325.0,5508.602656126762,8.61406626855578
AZ,2015,659,864200.0,5500.503646284862,8.61259493907989
AZ,2016,288,339775.0,5272.718171418611,8.570301290618433
BF,2013,6,12500.0,616.7413311640822,6.424449699638341
BF,2014,407,512400.0,624.5768851876654,6.437074436779727
BF,2015,653,874975.0,630.124750752312,6.445917816849948
BF,2016,876,1072075.0,648.4204801760125,6.474539375075246
BF,2017,518,500750.0,669.2763103283327,6.506196994781747
BI,2013,37,113600.0,259.3111172033546,5.558028565529742
BI,2014,372,1107400.0,261.2967217520021,5.565656626531303
BI,2015,279,867950.0,254.40258522678766,5.538917993469317
BI,2016,167,508600.0,258.0619708089462,5.553199753012852
BI,2017,25,70300.0,261.725839288764,5.5672975409583785
BJ,2014,496,468950.0,1014.4330062135048,6.922085120824665
BJ,2017,1,50000.0,1032.9047119418244,6.94013022085892
BO,2013,119,222350.0,2793.5145709867556,7.935055784918088
BO,2014,2613,4997400.0,2900.9024158633783,7.972777145452693
BO,2015,2956,6829250.0,2996.0128981134417,8.005037649739139
BO,2016,2483,5876250.0,3077.5705756476614,8.031895790581249
BO,2017,635,1918000.0,3160.164212289682,8.058379271145233
BR,2013,1,1700.0,9366.738246702393,9.144920208621224
BR,2014,50,66200.0,9338.341708409847,9.141883968180045
BR,2015,38,50950.0,8936.195588944402,9.097865228260668
BR,2016,110,312450.0,8577.842779696673,9.056937736591848
BR,2017,85,230900.0,8628.252096457234,9.062797225494023
BT,2017,2,20000.0,3211.809032755935,8.074589618989068
BZ,2014,102,103500.0,6116.49578852783,8.718744627943913
BZ,2016,23,10525.0,6012.212969836682,8.701548174369977
CD,2013,28,122975.0,464.52671546049373,6.1410190710467045
CD,2014,761,3860050.0,481.8302418837761,6.177591856753407
CD,2015,821,2999075.0,495.8266330148833,6.206226335413076
CD,2016,880,2579925.0,480.4613778804748,6.174746846158916
CD,2017,583,1699125.0,482.8546821285406,6.17971574322527
CG,2014,97,587225.0,2488.681185489924,7.819508204766065
CG,2015,31,199025.0,2439.351894036956,7.799487665806783
CI,2017,1,50000.0,1972.8143178894707,7.587216390032502
CL,2013,4,18475.0,13182.732961985574,9.486663143312619
CL,2014,4,19250.0,13285.954036119223,9.494462668646662
CL,2015,2,84925.0,13433.920298703233,9.505538153004627
CM,2013,35,15200.0,1347.2130636705986,7.205793340346183
CM,2014,241,119900.0,1381.8193845490673,7.23115630443297
CM,2015,96,46150.0,1415.0000971056854,7.254884878703262
CM,2016,797,306525.0,1435.618307278388,7.269350911545435
CM,2017,1061,448575.0,1444.9068291657331,7.275800120381733
CN,2014,10,24200.0,7686.577929543814,8.947230960796519
CN,2015,64,158400.0,8175.332850773929,9.008876710627593
CN,2016,51,125925.0,8679.37704460133,9.068705036023728
CN,2017,9,72000.0,9221.51403820573,9.129294515456
CO,2013,188,212825.0,5910.8059230116605,8.684537467094968
CO,2014,5334,4647750.0,6121.839820198248,8.719617954543367
CO,2015,6728,4274650.0,6248.514905345122,8.740099099350715
CO,2016,7138,3871250.0,6316.070677825417,8.750852565595604
CO,2017,2607,1409125.0,6309.677452925182,8.749839837418161
CR,2013,5,3900.0,11151.14378697677,9.31929735341875
CR,2014,449,563425.0,11422.673579317625,9.343355569585272
CR,2015,552,764325.0,11714.710598073205,9.368600647100541
CR,2016,334,483125.0,12084.435132563423,9.399673550842317
CR,2017,221,340950.0,12468.565453170933,9.430965992214546
DO,2013,1,8150.0,6075.033999727373,8.71194286485603
DO,2014,150,736725.0,6430.278110513385,8.768773068320177
DO,2015,136,634075.0,6800.953093954736,8.824818042218277
DO,2016,134,460925.0,7177.753764754883,8.878741766961292
DO,2017,75,295525.0,7379.399780671366,8.906447583754677
EC,2013,183,229475.0,5893.321726830364,8.681575078092349
EC,2014,2953,4017000.0,6055.041727614853,8.708646547394471
EC,2015,2776,3190675.0,5976.159680565097,8.695533446764424
EC,2016,5086,4898800.0,5849.135879336722,8.674049216381379
EC,2017,2523,2664325.0,6104.272535217513,8.716744220594295
EG,2014,46,34750.0,3235.662462352572,8.081988965677631
EG,2015,432,347600.0,3306.9815941414076,8.103791147239484
EG,2016,640,507375.0,3381.2224630620676,8.125992598550411
EG,2017,521,213550.0,3452.909612455395,8.146972520521286
GE,2013,87,181675.0,3806.5060064905138,8.244466988701285
GE,2014,627,838250.0,3960.3508009190073,8.28408788641567
GE,2015,1025,1580000.0,4086.6223465964995,8.315474075721646
GE,2016,550,832475.0,4225.091549048057,8.348796207970258
GE,2017,120,177800.0,4442.50744127374,8.398974235046817
GH,2013,23,30300.0,1718.5970476995847,7.449263567025666
GH,2014,847,1075825.0,1726.3693013464651,7.453775812456559
GH,2015,1350,1501425.0,1722.7728283360616,7.451690381251575
GH,2016,1433,1483100.0,1740.8110190292825,7.462106386506757
GH,2017,721,869775.0,1841.446361532492,7.518306607865189
GT,2013,17,14325.0,3717.3046262841303,8.220754121817835
GT,2014,1609,2330825.0,3809.6158757009102,8.245283643012058
GT,2015,2406,3427475.0,3893.5053329906823,8.267065144732472
GT,2016,2221,3657675.0,3924.778948370984,8.275065309744168
GT,2017,1057,1983700.0,3972.74057836068,8.28721145752381
HN,2013,52,34600.0,2205.4012672806716,7.698664751950636
HN,2014,2455,2165250.0,2229.2477223221786,7.709419463290649
HN,2015,1455,1527825.0,2271.2026598034863,7.728064776258589
HN,2016,1706,1483125.0,2315.7298305819804,7.74748017842633
HN,2017,889,833150.0,2383.373984397137,7.776272403264892
HT,2013,15,49725.0,1392.3820473685928,7.238771262553815
HT,2014,533,614750.0,1411.7683480215373,7.252598345119128
HT,2015,746,583500.0,1411.1268474679646,7.252143846797234
HT,2016,1502,888925.0,1416.7488187969846,7.256119961308061
HT,2017,822,658025.0,1432.672286095407,7.267296710882684
ID,2013,28,15075.0,3055.2424600646877,8.024614233453086
ID,2014,1370,1264000.0,3170.7210301142886,8.061714295302249
ID,2015,1627,1302825.0,3288.222697255384,8.098102484191292
ID,2016,2442,1621225.0,3416.810051709715,8.136462661371946
ID,2017,747,633850.0,3553.519992623214,8.175693938429037
IL,2013,1,5750.0,35489.50865612469,10.476992400972282
IL,2014,64,261975.0,36129.3146105805,10.494859853869874
IL,2015,53,188300.0,36213.104148195795,10.497176325354271
IL,2016,43,168450.0,37093.78790654223,10.521204792703394
IL,2017,29,94975.0,37963.0491190696,10.544368574025672
IN,2013,107,88275.0,1399.4537980287025,7.243837295212063
IN,2014,2743,2692200.0,1484.3164068291328,7.302709613149857
IN,2015,2729,1695375.0,1583.998159079848,7.36770741017663
IN,2016,3529,1569550.0,1694.4653497382467,7.435122542173672
IN,2017,2129,681825.0,1788.6977031844576,7.4892430939286365
IQ,2013,17,43500.0,4504.826875373541,8.412904739864173
IQ,2014,962,2546825.0,4446.973432348619,8.399979016206505
IQ,2015,14,38725.0,4440.141892523674,8.398441612691235
JO,2013,116,114550.0,4556.52023716712,8.424314505310521
JO,2014,1343,1473700.0,4282.118728492385,8.362203196110489
JO,2015,1084,1224175.0,4042.756780975546,8.304682109774202
JO,2016,1065,1244350.0,3933.14704611068,8.27719515950577
JO,2017,559,615375.0,3940.7019918114484,8.27911415693202
KE,2013,428,179725.0,1413.9414252258257,7.254136420722831
KE,2014,17611,8263400.0,1450.5933820227672,7.279727980684497
KE,2015,23559,10257725.0,1489.1195977728398,7.305940350326721
KE,2016,20512,9629650.0,1517.97796057742,7.325134439126475
KE,2017,13334,6113425.0,1542.3377397337213,7.34105455720502
KG,2013,26,36550.0,1069.7840443871623,6.975212079410457
KG,2014,1642,2298075.0,1088.5821422950764,6.992631341580298
KG,2015,2211,2699650.0,1105.6519384426072,7.008190429517271
KG,2016,1381,1493675.0,1128.3161612818033,7.028481677609845
KG,2017,514,624350.0,1157.182757580675,7.053743672870573
KH,2013,343,288950.0,1376.295575959256,7.227150803535254
KH,2014,6259,4348000.0,1464.531158669268,7.289290442019108
KH,2015,7554,5061100.0,1547.320104443935,7.344279748653595
KH,2016,11593,5421775.0,1645.4667157812587,7.405779340759346
KH,2017,9087,4752875.0,1753.9353050466204,7.4696172880139295
LA,2014,158,219725.0,2006.3119544444692,7.604053467121511
LA,2015,648,512550.0,2121.013390973629,7.6596492680636725
LA,2016,330,248400.0,2234.7609874184627,7.711889560576734
LA,2017,350,180825.0,2351.5744174759507,7.762840347695303
LB,2013,5,7150.0,8443.538565287841,9.041156761014575
LB,2014,1330,1956250.0,7830.415111333605,8.965770803075568
LB,2015,2661,3661875.0,7714.109999880404,8.950806398438399
LB,2016,3138,4168425.0,8019.141691342605,8.989586674103801
LB,2017,1658,2365100.0,8305.57405425721,9.02468214118266
LR,2013,208,46725.0,717.0072803589749,6.575085994465748
LR,2014,1848,492700.0,707.157694930142,6.561253689016782
LR,2015,34,13150.0,692.590082351257,6.540438312419157
LR,2016,460,193975.0,668.0315131756014,6.504335347836498
LR,2017,1132,451275.0,671.2608998353553,6.509157883807223
LS,2015,32,29300.0,1121.1985134251822,7.022153493411394
LS,2016,227,200350.0,1147.5874880167062,7.04541718130876
LS,2017,163,129875.0,1097.821668127518,7.001083193694292
MD,2014,4,11300.0,2737.801850566472,7.914910633093125
MD,2015,66,140625.0,2749.5513705433796,7.919193039367943
MD,2016,183,341400.0,2910.954868723758,7.976236439923536
MD,2017,95,225400.0,3085.333058442626,8.034414891109448
MG,2015,1001,329100.0,445.32006948056755,6.098793280884404
MG,2016,1865,629375.0,451.1565943314605,6.111814495049769
MG,2017,955,277550.0,456.8518595740305,6.124359179862154
ML,2013,92,76450.0,788.8194482057492,6.670537458417737
ML,2014,2935,3238475.0,813.9756612852041,6.701930465414495
ML,2015,1566,2076925.0,838.1198694010295,6.731161132497182
ML,2016,1597,2363875.0,860.7530755456903,6.757807675312093
ML,2017,449,1230975.0,878.5613483774335,6.778285738287892
MM,2014,77,529475.0,1099.2438775160488,7.00237783835339
MM,2015,163,670400.0,1166.7330554793548,7.0619628618869745
MM,2016,740,1200875.0,1225.3791397266775,7.111005576910716
MM,2017,890,841550.0,1290.564090274579,7.162834681059614
MN,2013,61,92525.0,3628.907080695749,8.196686802227164
MN,2014,707,1207875.0,3830.3589204959285,8.25071379070713
MN,2015,196,344900.0,3838.921269899843,8.252946686819639
MR,2014,1,15000.0,1520.6462163490173,7.326890665827806
MW,2014,83,131975.0,539.562601918057,6.290758814885902
MW,2015,354,548700.0,539.605363240686,6.2908380635738395
MW,2016,533,471525.0,538.2219908109595,6.288271097381807
MW,2017,350,481125.0,544.7957292203486,6.300410915634878
MX,2013,9,17375.0,9738.710598036585,9.183864005741526
MX,2014,1038,1791050.0,9862.481254441987,9.19649306446203
MX,2015,1922,3644925.0,10021.238611882723,9.212461980959631
MX,2016,2147,3831175.0,10100.502121401492,9.220340416583849
MX,2017,625,426475.0,10193.77271934566,9.229532295119327
MZ,2014,593,445675.0,585.2667161339837,6.372067668344983
MZ,2015,997,664425.0,610.5637747065892,6.414382751168729
MZ,2016,1224,599500.0,620.7797149545554,6.430976292682048
MZ,2017,669,362275.0,618.3976943603338,6.427131768870941
NG,2014,3017,428875.0,2583.615569581399,7.856945080452824
NG,2015,2738,550025.0,2585.733606717974,7.857764540382058
NG,2016,3069,912075.0,2481.8149035032625,7.816745387441057
NG,2017,1312,314575.0,2441.712364044882,7.800454860691804
NI,2013,165,151500.0,1941.4562855262575,7.571193633093492
NI,2014,4758,3934700.0,2006.6486964653348,7.604221294344826
NI,2015,2877,2799000.0,2074.4562063473063,7.637454329088444
NI,2016,2442,2315225.0,2140.1440594160595,7.668628423234317
NI,2017,1539,1401525.0,2209.63273423213,7.700581597096402
NP,2013,4,1275.0,801.0390608478565,6.685909710982822
NP,2014,97,53800.0,846.6655417735989,6.741305742729731
NP,2015,209,101225.0,875.5436354748624,6.77484499111767
NP,2016,295,104775.0,875.188943730855,6.774439798739264
NP,2017,112,46550.0,951.8572985636408,6.858415127089003
PA,2014,5,30000.0,13611.54906560709,9.51867390736174
PA,2015,139,153050.0,14082.65484349964,9.552699166163746
PA,2016,48,60225.0,14474.124340577031,9.580117806005246
PA,2017,1,30000.0,15045.545619615034,9.618837254250028
PE,2013,373,330775.0,6021.461427652321,8.703085270909416
PE,2014,7545,8750325.0,6103.918647499693,8.716686245139517
PE,2015,5644,8105300.0,6231.711503388939,8.737406293698061
PE,2016,6125,9409475.0,6392.254749410137,8.762842341065296
PE,2017,2546,4271525.0,6457.419402547214,8.772985043676032
PH,2013,739,275850.0,2654.415069339782,7.883979596537222
PH,2014,37778,13961450.0,2776.9200590947853,7.929097700106275
PH,2015,46021,16083375.0,2909.8581801030064,7.97585962361814
PH,2016,48262,16218925.0,3076.3374186758983,8.031495018587451
PH,2017,27641,8802625.0,3247.450387836204,8.085625471395328
PK,2013,220,99450.0,1309.7008044638596,7.177553996570382
PK,2014,5887,3012550.0,1343.3077812104252,7.202890344660264
PK,2015,6456,3408700.0,1380.4702083831723,7.230179450828167
PK,2016,9056,4421425.0,1452.1865826917658,7.280825687605685
PK,2017,5238,2352625.0,1495.261875280324,7.310056637896355
PR,2015,12,54300.0,29242.04146508496,10.283362728973948
PR,2016,29,155700.0,29326.57487618734,10.286249376297468
PR,2017,10,76000.0,29061.556380271104,10.277171493166762
PS,2013,130,226350.0,3309.631202430981,8.104592042958386
PS,2014,1510,2145575.0,3227.8493448264458,8.079571356933425
PS,2015,2052,3238875.0,3272.1543236070793,8.093203861526996
PS,2016,3080,5189400.0,3483.0990353297207,8.15567770387785
PS,2017,1395,2270700.0,3462.97986107136,8.149884728928209
PY,2013,192,586400.0,5583.1227447356605,8.627503530513009
PY,2014,2742,6765625.0,5794.476446899848,8.66466040603236
PY,2015,3341,8118950.0,5879.337923087617,8.679199436438678
PY,2016,3840,9819725.0,6041.958793673485,8.706483541942143
PY,2017,1788,4338375.0,6243.133631390297,8.739237519828704
RW,2013,72,57900.0,666.408788783175,6.501903279215809
RW,2014,1866,2297725.0,690.6103949443562,6.537575836890622
RW,2015,1975,4898375.0,733.9986298824938,6.598507161967669
RW,2016,2143,6406150.0,759.6062881551089,6.632800257149139
RW,2017,679,2986150.0,771.0692375135824,6.647778171753896
SB,2014,4,2025.0,2085.1606727308595,7.642601192525638
SB,2015,116,87500.0,2045.477215266493,7.623386398351899
SB,2016,117,117225.0,2084.2484574522523,7.642163617193173
SB,2017,317,305800.0,2075.3670530230474,7.637893310044228
SL,2013,165,80050.0,1146.8197345647545,7.044747942236418
SL,2014,2057,1322400.0,1032.2378935590461,6.939484436491123
SL,2015,489,623125.0,964.5759808889885,6.87168860673288
SL,2016,1374,1393325.0,1002.7786228201277,6.910530048566019
SL,2017,1330,761625.0,1010.5469407120731,6.918246988720806
SN,2013,56,88750.0,1147.3859217191023,7.045241522368863
SN,2014,1230,2354650.0,1180.798710850501,7.073946362086213
SN,2015,823,1940150.0,1218.0061355543774,7.1049704856581215
SN,2016,543,1390350.0,1257.4090691592796,7.136808588551612
SN,2017,617,1260025.0,1312.109327760492,7.1793912951181
SO,2014,29,62525.0,417.5167969063951,6.034324775592746
SO,2015,36,85850.0,445.583080073396,6.099383716782181
SO,2016,8,63200.0,458.92147682460546,6.128879120969444
SO,2017,2,14300.0,506.50109887945945,6.2275264932410925
SR,2014,106,291725.0,9224.243784105467,9.129590490925912
SR,2015,95,210800.0,8813.61705392067,9.084053196979129
SR,2016,22,48275.0,8293.315530314065,9.023205111516392
SS,2014,48,23750.0,1197.0949196947931,7.087653000404691
SS,2015,111,47150.0,1080.1471862476544,6.984852594395147
SS,2017,1,50000.0,,
SV,2013,539,323250.0,3665.1547327058047,8.206625832448873
SV,2014,13044,8423825.0,3713.94992016222,8.219851257751255
SV,2015,11952,8231200.0,3790.3408910816156,8.24021123890809
SV,2016,9302,6348300.0,3875.846913579542,8.26251947625016
SV,2017,5038,3277075.0,3954.840142775724,8.28269546036484
TG,2014,857,410750.0,730.2910496112324,6.593443152781048
TG,2015,2088,381075.0,751.0519875872484,6.621474873851917
TG,2016,1841,428950.0,763.2761853533017,6.6376199387281645
TG,2017,963,315600.0,774.2748973474355,6.651926975065305
TH,2014,24,54600.0,5541.465993618451,8.620014364522413
TH,2015,20,43350.0,5688.853353978842,8.646263987300964
TH,2016,94,192300.0,5857.780529359259,8.675526061571343
TH,2017,42,135850.0,6076.743077000816,8.712224153308561
TJ,2013,129,139700.0,889.8823830999792,6.791089300172852
TJ,2014,4353,4549450.0,925.970961482804,6.830842875064628
TJ,2015,4536,3739125.0,956.916310930656,6.863715938235779
TJ,2016,6418,4085150.0,997.3526145567084,6.90510438301683
TJ,2017,4144,2516925.0,1042.2639175764189,6.949150470067211
TL,2013,47,43750.0,1281.928640431865,7.1561209732417375
TL,2014,761,636200.0,1312.964949886387,7.180043179267422
TL,2015,1055,1016500.0,1319.5929500315403,7.185078596836018
TL,2016,602,544000.0,1333.6585611756805,7.195681242571816
TL,2017,225,193450.0,1267.086615976755,7.144475541028498
TR,2013,15,6750.0,10269.448914077338,9.236928641704614
TR,2014,239,99225.0,10597.980188171632,9.268418713657832
TR,2015,532,228650.0,11064.649450466248,9.311510571049386
TR,2016,663,286225.0,11279.616953156876,9.330752566421994
TR,2017,254,122950.0,12005.645982483235,9.393132316660674
TZ,2013,33,93675.0,882.8115234375,6.783111727579558
TZ,2014,1292,2571225.0,913.811218261719,6.817624005549459
TZ,2015,1672,1789550.0,939.127319335938,6.844951060363835
TZ,2016,1774,1868950.0,970.156127929688,6.877457015173844
TZ,2017,448,504325.0,1001.55895996094,6.909313025026465
UA,2013,17,39025.0,2432.41625976563,7.7966403878830555
UA,2014,366,760650.0,2308.6435546875,7.744415425280027
UA,2015,228,328700.0,2094.47387695313,7.647057668097867
UA,2016,236,337650.0,2156.0830078125,7.676048432128427
UA,2017,116,148175.0,2217.7529296875,7.704249768417747
UG,2013,41,18250.0,828.9886697299859,6.7202064876474275
UG,2014,7390,5739825.0,845.9786647910992,6.74049414036517
UG,2015,6152,4633475.0,862.9346103558107,6.760338918057233
UG,2016,4538,3370100.0,874.6483706392157,6.773821943462781
UG,2017,2480,1627700.0,871.0938800171507,6.769749755220039
US,2013,34,174675.0,54462.62524124069,10.905269970009755
US,2014,1009,4707875.0,55394.45104353294,10.92223470604978
US,2015,1207,6599125.0,56572.91889960634,10.943285685019262
US,2016,1102,6695750.0,57151.47084483721,10.953460405459357
US,2017,746,3950100.0,58151.70213918542,10.970810429043523
VC,2014,2,2025.0,7116.220713472066,8.870132064812884
VC,2015,14,47200.0,7353.7355605418425,8.902963702626419
VN,2013,102,90850.0,2320.0843144493388,7.749358806435045
VN,2014,2885,3738575.0,2439.2865574442344,7.799460881041576
VN,2015,2952,4625300.0,2577.568853401125,7.854601928784032
VN,2016,3138,4521525.0,2715.57887431272,7.906760423016145
VN,2017,1766,1915200.0,2868.1368001337887,7.961417899373378
VU,2014,4,9250.0,2807.8342295675866,7.940168728348786
WS,2013,122,77075.0,3976.392892681315,8.288130378961208
WS,2014,1927,1714900.0,3967.2373047067945,8.285825238414338
WS,2015,1754,1380550.0,4084.3608381993263,8.31492052949501
WS,2016,2494,2221300.0,4373.237924403915,8.383258957525818
WS,2017,1099,897750.0,4393.373162559647,8.387852585180294
XK,2013,2,4525.0,,
XK,2014,517,762100.0,,
XK,2015,264,356625.0,,
XK,2016,402,518750.0,,
XK,2017,234,305750.0,,
YE,2013,66,55625.0,2014.7289059487007,7.608239927339016
YE,2014,1642,1409825.0,1950.162545058899,7.575668004524299
YE,2015,254,224900.0,1362.1738120601008,7.216837093883102
YE,2016,179,83100.0,1197.9586597117175,7.088374270326831
YE,2017,172,106500.0,1103.4563484984167,7.0062026675953195
ZA,2014,52,90525.0,6155.005894625161,8.725020996315116
ZA,2015,192,254675.0,6112.273824859742,8.718054131030598
ZA,2016,113,190475.0,6095.295060428005,8.715272450986129
ZA,2017,21,38350.0,6125.6920507497025,8.72024701690778
ZM,2014,188,238850.0,1299.0124176250413,7.169359575997535
ZM,2015,213,436350.0,1295.877886800678,7.166943649325315
ZM,2016,218,346775.0,1303.5751386913284,7.172865875510704
ZM,2017,165,188700.0,1308.7682924008554,7.176841739088678
ZW,2013,5,12650.0,1367.8183168946343,7.220972280075014
ZW,2014,2073,1302175.0,1381.2540412587148,7.230747091059947
ZW,2015,600,723625.0,1387.1263259502578,7.234989494718447
ZW,2016,808,788600.0,1378.3425619237385,7.228637014237936
ZW,2017,548,620350.0,1422.9194894692664,7.2604660184634415
