country_code_x,kiva_year,n_loans,total_loan_amount,country_code_y,poverty_rate,poverty_year_matched,country_code,year
AF,2015.0,1,6000.0,AF,,,,
AF,2016.0,1,8000.0,AF,,,,
AL,2013.0,3,5850.0,AL,,,,
AL,2014.0,603,902550.0,AL,3.7,,,
AL,2015.0,638,844375.0,AL,1.1,,,
AL,2016.0,475,639025.0,AL,1.1,,,
AL,2017.0,215,274700.0,AL,1.4,,,
AM,2013.0,79,131725.0,AM,2.9,,,
AM,2014.0,1968,3280025.0,AM,3.4,,,
AM,2015.0,2534,3519825.0,AM,2.9,,,
AM,2016.0,2902,4357525.0,AM,2.5,,,
AM,2017.0,1148,1626300.0,AM,2.4,,,
AZ,2013.0,12,22400.0,AZ,,,,
AZ,2014.0,986,1662325.0,AZ,,,,
AZ,2015.0,659,864200.0,AZ,,,,
AZ,2016.0,288,339775.0,AZ,,,,
BF,2013.0,6,12500.0,BF,,,,
BF,2014.0,407,512400.0,BF,58.7,,,
BF,2015.0,653,874975.0,BF,,,,
BF,2016.0,876,1072075.0,BF,,,,
BF,2017.0,518,500750.0,BF,,,,
BI,2013.0,37,113600.0,BI,75.8,,,
BI,2014.0,372,1107400.0,BI,,,,
BI,2015.0,279,867950.0,BI,,,,
BI,2016.0,167,508600.0,BI,,,,
BI,2017.0,25,70300.0,BI,,,,
BJ,2014.0,496,468950.0,BJ,,,,
BJ,2017.0,1,50000.0,BJ,,,,
BO,2013.0,119,222350.0,BO,6.8,,,
BO,2014.0,2613,4997400.0,BO,5.6,,,
BO,2015.0,2956,6829250.0,BO,6.2,,,
BO,2016.0,2483,5876250.0,BO,7.2,,,
BO,2017.0,635,1918000.0,BO,6.4,,,
BR,2013.0,1,1700.0,BR,5.4,,,
BR,2014.0,50,66200.0,BR,4.7,,,
BR,2015.0,38,50950.0,BR,5.4,,,
BR,2016.0,110,312450.0,BR,6.5,,,
BR,2017.0,85,230900.0,BR,6.9,,,
BT,2017.0,2,20000.0,BT,2.6,,,
BZ,2014.0,102,103500.0,BZ,,,,
BZ,2016.0,23,10525.0,BZ,,,,
CD,2013.0,28,122975.0,CD,,,,
CD,2014.0,761,3860050.0,CD,,,,
CD,2015.0,821,2999075.0,CD,,,,
CD,2016.0,880,2579925.0,CD,,,,
CD,2017.0,583,1699125.0,CD,,,,
CG,2014.0,97,587225.0,CG,,,,
CG,2015.0,31,199025.0,CG,,,,
CI,2017.0,1,50000.0,CI,,,,
CL,2013.0,4,18475.0,CL,0.8,,,
CL,2014.0,4,19250.0,CL,,,,
CL,2015.0,2,84925.0,CL,0.7,,,
CM,2013.0,35,15200.0,CM,,,,
CM,2014.0,241,119900.0,CM,29.0,,,
CM,2015.0,96,46150.0,CM,,,,
CM,2016.0,797,306525.0,CM,,,,
CM,2017.0,1061,448575.0,CM,,,,
CN,2014.0,10,24200.0,CN,4.7,,,
CN,2015.0,64,158400.0,CN,3.0,,,
CN,2016.0,51,125925.0,CN,2.2,,,
CN,2017.0,9,72000.0,CN,1.7,,,
CO,2013.0,188,212825.0,CO,9.9,,,
CO,2014.0,5334,4647750.0,CO,9.0,,,
CO,2015.0,6728,4274650.0,CO,8.1,,,
CO,2016.0,7138,3871250.0,CO,8.0,,,
CO,2017.0,2607,1409125.0,CO,7.3,,,
CR,2013.0,5,3900.0,CR,2.6,,,
CR,2014.0,449,563425.0,CR,2.4,,,
CR,2015.0,552,764325.0,CR,2.4,,,
CR,2016.0,334,483125.0,CR,2.4,,,
CR,2017.0,221,340950.0,CR,1.7,,,
DO,2013.0,1,8150.0,DO,4.4,,,
DO,2014.0,150,736725.0,DO,4.1,,,
DO,2015.0,136,634075.0,DO,3.3,,,
DO,2016.0,134,460925.0,DO,3.0,,,
DO,2017.0,75,295525.0,DO,1.5,,,
EC,2013.0,183,229475.0,EC,4.5,,,
EC,2014.0,2953,4017000.0,EC,4.0,,,
EC,2015.0,2776,3190675.0,EC,4.8,,,
EC,2016.0,5086,4898800.0,EC,5.0,,,
EC,2017.0,2523,2664325.0,EC,4.3,,,
EG,2014.0,46,34750.0,EG,,,,
EG,2015.0,432,347600.0,EG,1.2,,,
EG,2016.0,640,507375.0,EG,,,,
EG,2017.0,521,213550.0,EG,3.1,,,
GE,2013.0,87,181675.0,GE,14.9,,,
GE,2014.0,627,838250.0,GE,12.0,,,
GE,2015.0,1025,1580000.0,GE,10.6,,,
GE,2016.0,550,832475.0,GE,10.5,,,
GE,2017.0,120,177800.0,GE,11.1,,,
GH,2013.0,23,30300.0,GH,,,,
GH,2014.0,847,1075825.0,GH,,,,
GH,2015.0,1350,1501425.0,GH,,,,
GH,2016.0,1433,1483100.0,GH,39.0,,,
GH,2017.0,721,869775.0,GH,,,,
GT,2013.0,17,14325.0,GT,,,,
GT,2014.0,1609,2330825.0,GT,8.0,,,
GT,2015.0,2406,3427475.0,GT,,,,
GT,2016.0,2221,3657675.0,GT,,,,
GT,2017.0,1057,1983700.0,GT,,,,
HN,2013.0,52,34600.0,HN,20.8,,,
HN,2014.0,2455,2165250.0,HN,20.6,,,
HN,2015.0,1455,1527825.0,HN,19.9,,,
HN,2016.0,1706,1483125.0,HN,19.8,,,
HN,2017.0,889,833150.0,HN,19.3,,,
HT,2013.0,15,49725.0,HT,,,,
HT,2014.0,533,614750.0,HT,,,,
HT,2015.0,746,583500.0,HT,,,,
HT,2016.0,1502,888925.0,HT,,,,
HT,2017.0,822,658025.0,HT,,,,
ID,2013.0,28,15075.0,ID,27.2,,,
ID,2014.0,1370,1264000.0,ID,25.7,,,
ID,2015.0,1627,1302825.0,ID,21.6,,,
ID,2016.0,2442,1621225.0,ID,18.0,,,
ID,2017.0,747,633850.0,ID,14.8,,,
IL,2013.0,1,5750.0,IL,0.5,,,
IL,2014.0,64,261975.0,IL,0.7,,,
IL,2015.0,53,188300.0,IL,0.5,,,
IL,2016.0,43,168450.0,IL,0.5,,,
IL,2017.0,29,94975.0,IL,0.7,,,
IN,2013.0,107,88275.0,IN,,,,
IN,2014.0,2743,2692200.0,IN,,,,
IN,2015.0,2729,1695375.0,IN,,,,
IN,2016.0,3529,1569550.0,IN,,,,
IN,2017.0,2129,681825.0,IN,,,,
IQ,2013.0,17,43500.0,IQ,,,,
IQ,2014.0,962,2546825.0,IQ,,,,
IQ,2015.0,14,38725.0,IQ,,,,
JO,2013.0,116,114550.0,JO,,,,
JO,2014.0,1343,1473700.0,JO,,,,
JO,2015.0,1084,1224175.0,JO,,,,
JO,2016.0,1065,1244350.0,JO,,,,
JO,2017.0,559,615375.0,JO,,,,
KE,2013.0,428,179725.0,KE,,,,
KE,2014.0,17611,8263400.0,KE,,,,
KE,2015.0,23559,10257725.0,KE,37.7,,,
KE,2016.0,20512,9629650.0,KE,,,,
KE,2017.0,13334,6113425.0,KE,,,,
KG,2013.0,26,36550.0,KG,13.5,,,
KG,2014.0,1642,2298075.0,KG,8.1,,,
KG,2015.0,2211,2699650.0,KG,11.0,,,
KG,2016.0,1381,1493675.0,KG,8.0,,,
KG,2017.0,514,624350.0,KG,8.2,,,
KH,2013.0,343,288950.0,KH,,,,
KH,2014.0,6259,4348000.0,KH,,,,
KH,2015.0,7554,5061100.0,KH,,,,
KH,2016.0,11593,5421775.0,KH,,,,
KH,2017.0,9087,4752875.0,KH,,,,
LA,2014.0,158,219725.0,LA,,,,
LA,2015.0,648,512550.0,LA,,,,
LA,2016.0,330,248400.0,LA,,,,
LA,2017.0,350,180825.0,LA,,,,
LB,2013.0,5,7150.0,LB,,,,
LB,2014.0,1330,1956250.0,LB,,,,
LB,2015.0,2661,3661875.0,LB,,,,
LB,2016.0,3138,4168425.0,LB,,,,
LB,2017.0,1658,2365100.0,LB,,,,
LR,2013.0,208,46725.0,LR,,,,
LR,2014.0,1848,492700.0,LR,31.7,,,
LR,2015.0,34,13150.0,LR,,,,
LR,2016.0,460,193975.0,LR,33.6,,,
LR,2017.0,1132,451275.0,LR,,,,
LS,2015.0,32,29300.0,LS,,,,
LS,2016.0,227,200350.0,LS,,,,
LS,2017.0,163,129875.0,LS,41.9,,,
MD,2014.0,4,11300.0,MD,0.0,,,
MD,2015.0,66,140625.0,MD,0.1,,,
MD,2016.0,183,341400.0,MD,0.2,,,
MD,2017.0,95,225400.0,MD,0.1,,,
MG,2015.0,1001,329100.0,MG,,,,
MG,2016.0,1865,629375.0,MG,,,,
MG,2017.0,955,277550.0,MG,,,,
ML,2013.0,92,76450.0,ML,,,,
ML,2014.0,2935,3238475.0,ML,,,,
ML,2015.0,1566,2076925.0,ML,,,,
ML,2016.0,1597,2363875.0,ML,,,,
ML,2017.0,449,1230975.0,ML,,,,
MM,2014.0,77,529475.0,MM,,,,
MM,2015.0,163,670400.0,MM,18.2,,,
MM,2016.0,740,1200875.0,MM,,,,
MM,2017.0,890,841550.0,MM,10.3,,,
MN,2013.0,61,92525.0,MN,,,,
MN,2014.0,707,1207875.0,MN,0.8,,,
MN,2015.0,196,344900.0,MN,,,,
MR,2014.0,1,15000.0,MR,11.7,,,
MW,2014.0,83,131975.0,MW,,,,
MW,2015.0,354,548700.0,MW,,,,
MW,2016.0,533,471525.0,MW,71.7,,,
MW,2017.0,350,481125.0,MW,,,,
MX,2013.0,9,17375.0,MX,,,,
MX,2014.0,1038,1791050.0,MX,7.2,,,
MX,2015.0,1922,3644925.0,MX,,,,
MX,2016.0,2147,3831175.0,MX,4.4,,,
MX,2017.0,625,426475.0,MX,,,,
MZ,2014.0,593,445675.0,MZ,74.4,,,
MZ,2015.0,997,664425.0,MZ,,,,
MZ,2016.0,1224,599500.0,MZ,,,,
MZ,2017.0,669,362275.0,MZ,,,,
NG,2014.0,3017,428875.0,NG,,,,
NG,2015.0,2738,550025.0,NG,35.8,,,
NG,2016.0,3069,912075.0,NG,,,,
NG,2017.0,1312,314575.0,NG,,,,
NI,2013.0,165,151500.0,NI,,,,
NI,2014.0,4758,3934700.0,NI,6.6,,,
NI,2015.0,2877,2799000.0,NI,,,,
NI,2016.0,2442,2315225.0,NI,,,,
NI,2017.0,1539,1401525.0,NI,,,,
NP,2013.0,4,1275.0,NP,,,,
NP,2014.0,97,53800.0,NP,,,,
NP,2015.0,209,101225.0,NP,,,,
NP,2016.0,295,104775.0,NP,,,,
NP,2017.0,112,46550.0,NP,,,,
PA,2014.0,5,30000.0,PA,6.4,,,
PA,2015.0,139,153050.0,PA,4.8,,,
PA,2016.0,48,60225.0,PA,4.8,,,
PA,2017.0,1,30000.0,PA,4.3,,,
PE,2013.0,373,330775.0,PE,8.6,,,
PE,2014.0,7545,8750325.0,PE,8.0,,,
PE,2015.0,5644,8105300.0,PE,8.0,,,
PE,2016.0,6125,9409475.0,PE,7.5,,,
PE,2017.0,2546,4271525.0,PE,7.3,,,
PH,2013.0,739,275850.0,PH,,,,
PH,2014.0,37778,13961450.0,PH,,,,
PH,2015.0,46021,16083375.0,PH,14.6,,,
PH,2016.0,48262,16218925.0,PH,,,,
PH,2017.0,27641,8802625.0,PH,,,,
PK,2013.0,220,99450.0,PK,21.2,,,
PK,2014.0,5887,3012550.0,PK,,,,
PK,2015.0,6456,3408700.0,PK,16.9,,,
PK,2016.0,9056,4421425.0,PK,,,,
PK,2017.0,5238,2352625.0,PK,,,,
PR,2015.0,12,54300.0,PR,,,,
PR,2016.0,29,155700.0,PR,,,,
PR,2017.0,10,76000.0,PR,,,,
PS,2013.0,130,226350.0,PS,,,,
PS,2014.0,1510,2145575.0,PS,,,,
PS,2015.0,2052,3238875.0,PS,,,,
PS,2016.0,3080,5189400.0,PS,1.4,,,
PS,2017.0,1395,2270700.0,PS,,,,
PY,2013.0,192,586400.0,PY,4.1,,,
PY,2014.0,2742,6765625.0,PY,4.3,,,
PY,2015.0,3341,8118950.0,PY,4.2,,,
PY,2016.0,3840,9819725.0,PY,4.2,,,
PY,2017.0,1788,4338375.0,PY,2.4,,,
RW,2013.0,72,57900.0,RW,65.2,,,
RW,2014.0,1866,2297725.0,RW,,,,
RW,2015.0,1975,4898375.0,RW,,,,
RW,2016.0,2143,6406150.0,RW,63.8,,,
RW,2017.0,679,2986150.0,RW,,,,
SB,2014.0,4,2025.0,SB,,,,
SB,2015.0,116,87500.0,SB,,,,
SB,2016.0,117,117225.0,SB,,,,
SB,2017.0,317,305800.0,SB,,,,
SL,2013.0,165,80050.0,SL,,,,
SL,2014.0,2057,1322400.0,SL,,,,
SL,2015.0,489,623125.0,SL,,,,
SL,2016.0,1374,1393325.0,SL,,,,
SL,2017.0,1330,761625.0,SL,,,,
SN,2013.0,56,88750.0,SN,,,,
SN,2014.0,1230,2354650.0,SN,,,,
SN,2015.0,823,1940150.0,SN,,,,
SN,2016.0,543,1390350.0,SN,,,,
SN,2017.0,617,1260025.0,SN,,,,
SO,2014.0,29,62525.0,SO,,,,
SO,2015.0,36,85850.0,SO,,,,
SO,2016.0,8,63200.0,SO,,,,
SO,2017.0,2,14300.0,SO,,,,
SR,2014.0,106,291725.0,SR,,,,
SR,2015.0,95,210800.0,SR,,,,
SR,2016.0,22,48275.0,SR,,,,
SS,2014.0,48,23750.0,SS,,,,
SS,2015.0,111,47150.0,SS,,,,
SS,2017.0,1,50000.0,SS,,,,
SV,2013.0,539,323250.0,SV,7.1,,,
SV,2014.0,13044,8423825.0,SV,7.0,,,
SV,2015.0,11952,8231200.0,SV,5.3,,,
SV,2016.0,9302,6348300.0,SV,5.8,,,
SV,2017.0,5038,3277075.0,SV,4.5,,,
TG,2014.0,857,410750.0,TG,,,,
TG,2015.0,2088,381075.0,TG,61.5,,,
TG,2016.0,1841,428950.0,TG,,,,
TG,2017.0,963,315600.0,TG,,,,
TH,2014.0,24,54600.0,TH,0.2,,,
TH,2015.0,20,43350.0,TH,0.1,,,
TH,2016.0,94,192300.0,TH,0.1,,,
TH,2017.0,42,135850.0,TH,0.1,,,
TJ,2013.0,129,139700.0,TJ,,,,
TJ,2014.0,4353,4549450.0,TJ,,,,
TJ,2015.0,4536,3739125.0,TJ,13.3,,,
TJ,2016.0,6418,4085150.0,TJ,,,,
TJ,2017.0,4144,2516925.0,TJ,,,,
TL,2013.0,47,43750.0,TL,,,,
TL,2014.0,761,636200.0,TL,43.9,,,
TL,2015.0,1055,1016500.0,TL,,,,
TL,2016.0,602,544000.0,TL,,,,
TL,2017.0,225,193450.0,TL,,,,
TR,2013.0,15,6750.0,TR,1.5,,,
TR,2014.0,239,99225.0,TR,1.0,,,
TR,2015.0,532,228650.0,TR,1.3,,,
TR,2016.0,663,286225.0,TR,0.9,,,
TR,2017.0,254,122950.0,TR,1.1,,,
TZ,2013.0,33,93675.0,TZ,,,,
TZ,2014.0,1292,2571225.0,TZ,,,,
TZ,2015.0,1672,1789550.0,TZ,,,,
TZ,2016.0,1774,1868950.0,TZ,,,,
TZ,2017.0,448,504325.0,TZ,,,,
UA,2013.0,17,39025.0,UA,0.1,,,
UA,2014.0,366,760650.0,UA,0.0,,,
UA,2015.0,228,328700.0,UA,0.3,,,
UA,2016.0,236,337650.0,UA,0.2,,,
UA,2017.0,116,148175.0,UA,0.1,,,
UG,2013.0,41,18250.0,UG,,,,
UG,2014.0,7390,5739825.0,UG,,,,
UG,2015.0,6152,4633475.0,UG,,,,
UG,2016.0,4538,3370100.0,UG,60.1,,,
UG,2017.0,2480,1627700.0,UG,,,,
US,2013.0,34,174675.0,US,1.0,,,
US,2014.0,1009,4707875.0,US,1.2,,,
US,2015.0,1207,6599125.0,US,1.2,,,
US,2016.0,1102,6695750.0,US,1.2,,,
US,2017.0,746,3950100.0,US,1.2,,,
,,2,2025.0,,,,VC,2014.0
,,14,47200.0,,,,VC,2015.0
VN,2013.0,102,90850.0,VN,,,,
VN,2014.0,2885,3738575.0,VN,3.4,,,
VN,2015.0,2952,4625300.0,VN,,,,
VN,2016.0,3138,4521525.0,VN,2.5,,,
VN,2017.0,1766,1915200.0,VN,,,,
VU,2014.0,4,9250.0,VU,,,,
,,122,77075.0,,,,WS,2013.0
,,1927,1714900.0,,,,WS,2014.0
,,1754,1380550.0,,,,WS,2015.0
,,2494,2221300.0,,,,WS,2016.0
,,1099,897750.0,,,,WS,2017.0
,,2,4525.0,,,,XK,2013.0
,,517,762100.0,,,,XK,2014.0
,,264,356625.0,,,,XK,2015.0
,,402,518750.0,,,,XK,2016.0
,,234,305750.0,,,,XK,2017.0
YE,2013.0,66,55625.0,YE,,,,
YE,2014.0,1642,1409825.0,YE,33.3,,,
YE,2015.0,254,224900.0,YE,,,,
YE,2016.0,179,83100.0,YE,,,,
YE,2017.0,172,106500.0,YE,,,,
ZA,2014.0,52,90525.0,ZA,31.2,,,
ZA,2015.0,192,254675.0,ZA,,,,
ZA,2016.0,113,190475.0,ZA,,,,
ZA,2017.0,21,38350.0,ZA,,,,
ZM,2014.0,188,238850.0,ZM,,,,
ZM,2015.0,213,436350.0,ZM,67.9,,,
ZM,2016.0,218,346775.0,ZM,,,,
ZM,2017.0,165,188700.0,ZM,,,,
ZW,2013.0,5,12650.0,ZW,,,,
ZW,2014.0,2073,1302175.0,ZW,,,,
ZW,2015.0,600,723625.0,ZW,,,,
ZW,2016.0,808,788600.0,ZW,,,,
ZW,2017.0,548,620350.0,ZW,44.7,,,
