country_code,year,n_loans,total_loan_amount,log_total_loan_amount,log_gdp_pc,population,log_population,institutional_pca1,institutional_index,financial_access_index,poverty_rate
AF,2015,1,6000.0,8.699514748210191,6.337833595485375,35530081.0,17.38589024775819,-2.080862286289141,-1.8086211856510364,-0.8064937214657864,
AF,2016,1,8000.0,8.987196820661973,6.334827872548524,35530081.0,17.38589024775819,-2.080862286289141,-1.8086211856510364,-0.8064937214657864,
AL,2013,3,5850.0,8.674196940225903,8.267679934508259,2930187.0,14.890576801482277,0.4953361171125194,0.4189168349289578,0.3316761250059135,
AL,2014,603,902550.0,13.712979369316608,8.305266334335277,2930187.0,14.890576801482277,0.4953361171125194,0.4189168349289578,0.3316761250059135,3.7
AL,2015,638,844375.0,13.646351987696601,8.342730067120554,2930187.0,14.890576801482277,0.4953361171125194,0.4189168349289578,0.3316761250059135,1.1
AL,2016,475,639025.0,13.367698856225035,8.396506123719536,2930187.0,14.890576801482277,0.4953361171125194,0.4189168349289578,0.3316761250059135,1.1
AL,2017,215,274700.0,12.523434872083365,8.44424195018346,2930187.0,14.890576801482277,0.4953361171125194,0.4189168349289578,0.3316761250059135,1.4
AM,2013,79,131725.0,11.788471695077487,8.091412766588741,2930450.0,14.89066655281824,0.2705156398593861,0.2624953196700972,0.4868735535433223,2.9
AM,2014,1968,3280025.0,15.0033616022825,8.129497033280357,2930450.0,14.89066655281824,0.2705156398593861,0.2624953196700972,0.4868735535433223,3.4
AM,2015,2534,3519825.0,15.073921830429311,8.164052993685441,2930450.0,14.89066655281824,0.2705156398593861,0.2624953196700972,0.4868735535433223,2.9
AM,2016,2902,4357525.0,15.287414793594508,8.170153121527093,2930450.0,14.89066655281824,0.2705156398593861,0.2624953196700972,0.4868735535433223,2.5
AM,2017,1148,1626300.0,14.30181805391654,8.246794167624104,2930450.0,14.89066655281824,0.2705156398593861,0.2624953196700972,0.4868735535433223,2.4
AZ,2013,12,22400.0,10.01681623784313,8.598956681903726,9827589.0,16.100704192456938,-0.0150797117754313,0.0146587747071532,-0.2721452681157406,
AZ,2014,986,1662325.0,14.323727782813696,8.61406626855578,9827589.0,16.100704192456938,-0.0150797117754313,0.0146587747071532,-0.2721452681157406,
AZ,2015,659,864200.0,13.66955950247997,8.61259493907989,9827589.0,16.100704192456938,-0.0150797117754313,0.0146587747071532,-0.2721452681157406,
AZ,2016,288,339775.0,12.736038912823549,8.570301290618433,9827589.0,16.100704192456938,-0.0150797117754313,0.0146587747071532,-0.2721452681157406,
BF,2013,6,12500.0,9.433483923290392,6.424449699638341,19193382.0,16.77007609007962,-0.5300958940549196,-0.4279539490148614,-0.7678303811541541,
BF,2014,407,512400.0,13.146860849004716,6.437074436779727,19193382.0,16.77007609007962,-0.5300958940549196,-0.4279539490148614,-0.7678303811541541,58.7
BF,2015,653,874975.0,13.681950593503009,6.445917816849948,19193382.0,16.77007609007962,-0.5300958940549196,-0.4279539490148614,-0.7678303811541541,
BF,2016,876,1072075.0,13.885106580852177,6.474539375075246,19193382.0,16.77007609007962,-0.5300958940549196,-0.4279539490148614,-0.7678303811541541,
BF,2017,518,500750.0,13.123862253528065,6.506196994781747,19193382.0,16.77007609007962,-0.5300958940549196,-0.4279539490148614,-0.7678303811541541,
BI,2013,37,113600.0,11.640438785269188,5.558028565529742,10864245.0,16.200987680072725,-1.379407877621485,-1.2421188437816004,,75.8
BI,2014,372,1107400.0,13.917525483371003,5.565656626531303,10864245.0,16.200987680072725,-1.379407877621485,-1.2421188437816004,,
BI,2015,279,867950.0,13.673889388296695,5.538917993469317,10864245.0,16.200987680072725,-1.379407877621485,-1.2421188437816004,,
BI,2016,167,508600.0,13.139417131970156,5.553199753012852,10864245.0,16.200987680072725,-1.379407877621485,-1.2421188437816004,,
BI,2017,25,70300.0,11.160527077798756,5.5672975409583785,10864245.0,16.200987680072725,-1.379407877621485,-1.2421188437816004,,
BJ,2014,496,468950.0,13.058251431937084,6.922085120824665,11175692.0,16.22925162048406,-0.060552466438604,-0.0720176035063484,-0.6836300378046302,
BJ,2017,1,50000.0,10.819778284410283,6.94013022085892,11175692.0,16.22925162048406,-0.060552466438604,-0.0720176035063484,-0.6836300378046302,
BO,2013,119,222350.0,12.312007995938842,7.935055784918088,11051600.0,16.218085771826143,-0.5676760706634482,-0.542056601234785,0.9704799525757932,6.8
BO,2014,2613,4997400.0,15.424428335151488,7.972777145452693,11051600.0,16.218085771826143,-0.5676760706634482,-0.542056601234785,0.9704799525757932,5.6
BO,2015,2956,6829250.0,15.7367254158542,8.005037649739139,11051600.0,16.218085771826143,-0.5676760706634482,-0.542056601234785,0.9704799525757932,6.2
BO,2016,2483,5876250.0,15.586429361320477,8.031895790581249,11051600.0,16.218085771826143,-0.5676760706634482,-0.542056601234785,0.9704799525757932,7.2
BO,2017,635,1918000.0,14.46679353442552,8.058379271145233,11051600.0,16.218085771826143,-0.5676760706634482,-0.542056601234785,0.9704799525757932,6.4
BR,2013,1,1700.0,7.438383530044307,9.144920208621224,209288278.0,19.159223180114452,0.0994668940036019,0.130527015487773,0.4866610864791008,5.4
BR,2014,50,66200.0,11.1004357419251,9.141883968180045,209288278.0,19.159223180114452,0.0994668940036019,0.130527015487773,0.4866610864791008,4.7
BR,2015,38,50950.0,10.83860003865087,9.097865228260668,209288278.0,19.159223180114452,0.0994668940036019,0.130527015487773,0.4866610864791008,5.4
BR,2016,110,312450.0,12.652199735357227,9.056937736591848,209288278.0,19.159223180114452,0.0994668940036019,0.130527015487773,0.4866610864791008,6.5
BR,2017,85,230900.0,12.349739995342587,9.062797225494023,209288278.0,19.159223180114452,0.0994668940036019,0.130527015487773,0.4866610864791008,6.9
BT,2017,2,20000.0,9.903487552536127,8.074589618989068,807610.0,13.601834547711666,1.5508858378612786,1.3513278835926263,0.1610565829179904,2.6
BZ,2014,102,103500.0,11.547326891687561,8.718744627943913,374681.0,12.83383027626367,0.0401767239526889,-0.0374139013347947,0.1591864686325823,
BZ,2016,23,10525.0,9.261508658550582,8.701548174369977,374681.0,12.83383027626367,0.0401767239526889,-0.0374139013347947,0.1591864686325823,
CD,2013,28,122975.0,11.719736361663541,6.1410190710467045,81339988.0,18.21414831091445,-1.6579514709203065,-1.5241889798795083,-0.9231954628284872,
CD,2014,761,3860050.0,15.166190694724994,6.177591856753407,81339988.0,18.21414831091445,-1.6579514709203065,-1.5241889798795083,-0.9231954628284872,
CD,2015,821,2999075.0,14.913814465754555,6.206226335413076,81339988.0,18.21414831091445,-1.6579514709203065,-1.5241889798795083,-0.9231954628284872,
CD,2016,880,2579925.0,14.763270886707824,6.174746846158916,81339988.0,18.21414831091445,-1.6579514709203065,-1.5241889798795083,-0.9231954628284872,
CD,2017,583,1699125.0,14.345623970637549,6.17971574322527,81339988.0,18.21414831091445,-1.6579514709203065,-1.5241889798795083,-0.9231954628284872,
CG,2014,97,587225.0,13.283163330308037,7.819508204766065,5260750.0,15.47578416010087,-0.4628875480152302,-0.4989686336602212,,
CG,2015,31,199025.0,12.20118572395678,7.799487665806783,5260750.0,15.47578416010087,-0.4628875480152302,-0.4989686336602212,,
CI,2017,1,50000.0,10.819778284410283,7.587216390032502,24294750.0,17.00577083558603,-0.3690759556998419,-0.2993876762780958,-0.6520002624140412,
CL,2013,4,18475.0,9.824173745816402,9.48666314331262,18054726.0,16.708918036726978,1.4182618573932184,1.370859301227197,0.0458645841777895,0.8
CL,2014,4,19250.0,9.86526633971593,9.494462668646662,18054726.0,16.708918036726978,1.4182618573932184,1.370859301227197,0.0458645841777895,
CL,2015,2,84925.0,11.349523793028785,9.505538153004627,18054726.0,16.708918036726978,1.4182618573932184,1.370859301227197,0.0458645841777895,0.7
CM,2013,35,15200.0,9.629050706834368,7.205793340346183,24053727.0,16.995800511324585,-0.9950886402489684,-0.8594719640250501,-0.8177418467485632,
CM,2014,241,119900.0,11.694413341015606,7.23115630443297,24053727.0,16.995800511324585,-0.9950886402489684,-0.8594719640250501,-0.8177418467485632,29.0
CM,2015,96,46150.0,10.739652239930999,7.254884878703262,24053727.0,16.995800511324585,-0.9950886402489684,-0.8594719640250501,-0.8177418467485632,
CM,2016,797,306525.0,12.633054597100587,7.269350911545435,24053727.0,16.995800511324585,-0.9950886402489684,-0.8594719640250501,-0.8177418467485632,
CM,2017,1061,448575.0,13.013831170580868,7.275800120381733,24053727.0,16.995800511324585,-0.9950886402489684,-0.8594719640250501,-0.8177418467485632,
CN,2014,10,24200.0,10.094107912144779,8.947230960796519,1409517397.0,21.066513211116977,0.6400001972113206,0.6209204823424473,-0.1861905353489575,4.7
CN,2015,64,158400.0,11.972878758362462,9.008876710627591,1409517397.0,21.066513211116977,0.6400001972113206,0.6209204823424473,-0.1861905353489575,3.0
CN,2016,51,125925.0,11.74344177061385,9.068705036023728,1409517397.0,21.066513211116977,0.6400001972113206,0.6209204823424473,-0.1861905353489575,2.2
CN,2017,9,72000.0,11.184421397998193,9.129294515456,1409517397.0,21.066513211116977,0.6400001972113206,0.6209204823424473,-0.1861905353489575,1.7
CO,2013,188,212825.0,12.268225510752258,8.684537467094968,49065615.0,17.708669041937327,0.0065052867690686,0.0764673999986448,0.7099620092343235,9.9
CO,2014,5334,4647750.0,15.351893789492463,8.719617954543367,49065615.0,17.708669041937327,0.0065052867690686,0.0764673999986448,0.7099620092343235,9.0
CO,2015,6728,4274650.0,15.268212785656328,8.740099099350715,49065615.0,17.708669041937327,0.0065052867690686,0.0764673999986448,0.7099620092343235,8.1
CO,2016,7138,3871250.0,15.16908801026955,8.750852565595604,49065615.0,17.708669041937327,0.0065052867690686,0.0764673999986448,0.7099620092343235,8.0
CO,2017,2607,1409125.0,14.158479502346832,8.749839837418161,49065615.0,17.708669041937327,0.0065052867690686,0.0764673999986448,0.7099620092343235,7.3
CR,2013,5,3900.0,8.268731832117737,9.31929735341875,4905769.0,15.405922417490235,1.2493212160830198,1.1356229087896326,0.8152055751475791,2.6
CR,2014,449,563425.0,13.241789506886866,9.343355569585272,4905769.0,15.405922417490235,1.2493212160830198,1.1356229087896326,0.8152055751475791,2.4
CR,2015,552,764325.0,13.546748370365004,9.36860064710054,4905769.0,15.405922417490235,1.2493212160830198,1.1356229087896326,0.8152055751475791,2.4
CR,2016,334,483125.0,13.088030698323823,9.399673550842316,4905769.0,15.405922417490235,1.2493212160830198,1.1356229087896326,0.8152055751475791,2.4
CR,2017,221,340950.0,12.739491117948798,9.430965992214546,4905769.0,15.405922417490235,1.2493212160830198,1.1356229087896326,0.8152055751475791,1.7
DO,2013,1,8150.0,9.005773206234908,8.71194286485603,10766998.0,16.191996273045074,0.3630078600248732,0.2978053621838367,0.0715806607896997,4.4
DO,2014,150,736725.0,13.50996996721118,8.768773068320177,10766998.0,16.191996273045074,0.3630078600248732,0.2978053621838367,0.0715806607896997,4.1
DO,2015,136,634075.0,13.359922522952848,8.824818042218277,10766998.0,16.191996273045074,0.3630078600248732,0.2978053621838367,0.0715806607896997,3.3
DO,2016,134,460925.0,13.040990618938592,8.878741766961292,10766998.0,16.191996273045074,0.3630078600248732,0.2978053621838367,0.0715806607896997,3.0
DO,2017,75,295525.0,12.596508714618578,8.906447583754677,10766998.0,16.191996273045074,0.3630078600248732,0.2978053621838367,0.0715806607896997,1.5
EC,2013,183,229475.0,12.343549370087292,8.681575078092349,16624858.0,16.626409603116333,0.1406470078474653,0.1065608031322214,-0.027994411172281,4.5
EC,2014,2953,4017000.0,15.20604591334142,8.708646547394471,16624858.0,16.626409603116333,0.1406470078474653,0.1065608031322214,-0.027994411172281,4.0
EC,2015,2776,3190675.0,14.975743051123251,8.695533446764424,16624858.0,16.626409603116333,0.1406470078474653,0.1065608031322214,-0.027994411172281,4.8
EC,2016,5086,4898800.0,15.40450083512927,8.674049216381379,16624858.0,16.626409603116333,0.1406470078474653,0.1065608031322214,-0.027994411172281,5.0
EC,2017,2523,2664325.0,14.795461300198385,8.716744220594295,16624858.0,16.626409603116333,0.1406470078474653,0.1065608031322214,-0.027994411172281,4.3
EG,2014,46,34750.0,10.455934850992938,8.081988965677631,97553151.0,18.39590792589562,-0.1603443929102546,-0.0748429100740405,-0.433418799469898,
EG,2015,432,347600.0,12.758807672373374,8.103791147239484,97553151.0,18.39590792589562,-0.1603443929102546,-0.0748429100740405,-0.433418799469898,1.2
EG,2016,640,507375.0,13.137005654141198,8.125992598550411,97553151.0,18.39590792589562,-0.1603443929102546,-0.0748429100740405,-0.433418799469898,
EG,2017,521,213550.0,12.271626276269613,8.146972520521286,97553151.0,18.39590792589562,-0.1603443929102546,-0.0748429100740405,-0.433418799469898,3.1
GE,2013,87,181675.0,12.109974655484837,8.244466988701285,3912061.0,15.17957490306231,0.839057029186175,0.8546271080499653,0.8404044462859354,14.9
GE,2014,627,838250.0,13.639071664328474,8.28408788641567,3912061.0,15.17957490306231,0.839057029186175,0.8546271080499653,0.8404044462859354,12.0
GE,2015,1025,1580000.0,14.27293540500315,8.315474075721646,3912061.0,15.17957490306231,0.839057029186175,0.8546271080499653,0.8404044462859354,10.6
GE,2016,550,832475.0,13.632158470355796,8.348796207970258,3912061.0,15.17957490306231,0.839057029186175,0.8546271080499653,0.8404044462859354,10.5
GE,2017,120,177800.0,12.088414602061942,8.398974235046817,3912061.0,15.17957490306231,0.839057029186175,0.8546271080499653,0.8404044462859354,11.1
GH,2013,23,30300.0,10.31890299149746,7.449263567025666,28833629.0,17.177052937516684,0.596242808609567,0.5156240956019457,-0.2351639140308699,
GH,2014,847,1075825.0,13.88859836707144,7.453775812456559,28833629.0,17.177052937516684,0.596242808609567,0.5156240956019457,-0.2351639140308699,
GH,2015,1350,1501425.0,14.221925215108026,7.451690381251575,28833629.0,17.177052937516684,0.596242808609567,0.5156240956019457,-0.2351639140308699,
GH,2016,1433,1483100.0,14.209645049730053,7.462106386506757,28833629.0,17.177052937516684,0.596242808609567,0.5156240956019457,-0.2351639140308699,39.0
GH,2017,721,869775.0,13.675989836493013,7.518306607865189,28833629.0,17.177052937516684,0.596242808609567,0.5156240956019457,-0.2351639140308699,
GT,2013,17,14325.0,9.56976154158294,8.220754121817835,16913503.0,16.64362285495029,-0.4259525498931141,-0.4195992653939249,0.2407010825371247,
GT,2014,1609,2330825.0,14.661732840124545,8.245283643012058,16913503.0,16.64362285495029,-0.4259525498931141,-0.4195992653939249,0.2407010825371247,8.0
GT,2015,2406,3427475.0,15.047334396445981,8.267065144732472,16913503.0,16.64362285495029,-0.4259525498931141,-0.4195992653939249,0.2407010825371247,
GT,2016,2221,3657675.0,15.112338257621742,8.275065309744168,16913503.0,16.64362285495029,-0.4259525498931141,-0.4195992653939249,0.2407010825371247,
GT,2017,1057,1983700.0,14.5004743457162,8.28721145752381,16913503.0,16.64362285495029,-0.4259525498931141,-0.4195992653939249,0.2407010825371247,
HN,2013,52,34600.0,10.451608961045816,7.698664751950636,9265067.0,16.04176164919191,-0.3504201792727882,-0.3437447193084035,-0.0892480724836982,20.8
HN,2014,2455,2165250.0,14.588046386193291,7.709419463290649,9265067.0,16.04176164919191,-0.3504201792727882,-0.3437447193084035,-0.0892480724836982,20.6
HN,2015,1455,1527825.0,14.239355713353868,7.728064776258589,9265067.0,16.04176164919191,-0.3504201792727882,-0.3437447193084035,-0.0892480724836982,19.9
HN,2016,1706,1483125.0,14.209661906172165,7.74748017842633,9265067.0,16.04176164919191,-0.3504201792727882,-0.3437447193084035,-0.0892480724836982,19.8
HN,2017,889,833150.0,13.632968976966769,7.776272403264892,9265067.0,16.04176164919191,-0.3504201792727882,-0.3437447193084035,-0.0892480724836982,19.3
HT,2013,15,49725.0,10.814263103722173,7.238771262553815,10981229.0,16.211697918565118,-1.0930218868337975,-1.0632213087212947,-0.7230323449136171,
HT,2014,533,614750.0,13.32897096007844,7.252598345119128,10981229.0,16.211697918565118,-1.0930218868337975,-1.0632213087212947,-0.7230323449136171,
HT,2015,746,583500.0,13.276799730708747,7.252143846797234,10981229.0,16.211697918565118,-1.0930218868337975,-1.0632213087212947,-0.7230323449136171,
HT,2016,1502,888925.0,13.697768146482717,7.256119961308061,10981229.0,16.211697918565118,-1.0930218868337975,-1.0632213087212947,-0.7230323449136171,
HT,2017,822,658025.0,13.396998203506676,7.267296710882684,10981229.0,16.211697918565118,-1.0930218868337975,-1.0632213087212947,-0.7230323449136171,
ID,2013,28,15075.0,9.620793021595386,8.024614233453086,263991379.0,19.391427005274362,0.3090793240523599,0.316874162059042,0.1479529499443898,27.2
ID,2014,1370,1264000.0,14.049791853688939,8.061714295302249,263991379.0,19.391427005274362,0.3090793240523599,0.316874162059042,0.1479529499443898,25.7
ID,2015,1627,1302825.0,14.080045541638233,8.098102484191292,263991379.0,19.391427005274362,0.3090793240523599,0.316874162059042,0.1479529499443898,21.6
ID,2016,2442,1621225.0,14.298692594293435,8.136462661371946,263991379.0,19.391427005274362,0.3090793240523599,0.316874162059042,0.1479529499443898,18.0
ID,2017,747,633850.0,13.359567612366872,8.175693938429037,263991379.0,19.391427005274362,0.3090793240523599,0.316874162059042,0.1479529499443898,14.8
IL,2013,1,5750.0,8.656955133791396,10.476992400972282,8321570.0,15.9343614969185,1.2372312052602563,1.3019607473768533,0.9388956074296428,0.5
IL,2014,64,261975.0,12.476004358343143,10.494859853869874,8321570.0,15.9343614969185,1.2372312052602563,1.3019607473768533,0.9388956074296428,0.7
IL,2015,53,188300.0,12.145791714645243,10.497176325354271,8321570.0,15.9343614969185,1.2372312052602563,1.3019607473768533,0.9388956074296428,0.5
IL,2016,43,168450.0,12.0343942488347,10.521204792703394,8321570.0,15.9343614969185,1.2372312052602563,1.3019607473768533,0.9388956074296428,0.5
IL,2017,29,94975.0,11.461368978055827,10.544368574025672,8321570.0,15.9343614969185,1.2372312052602563,1.3019607473768533,0.9388956074296428,0.7
IN,2013,107,88275.0,11.388212220796587,7.243837295212063,1339180127.0,21.015323418132986,0.2817792565981101,0.3286911331837746,-0.1927176543519101,
IN,2014,2743,2692200.0,14.80586926119213,7.302709613149857,1339180127.0,21.015323418132986,0.2817792565981101,0.3286911331837746,-0.1927176543519101,
IN,2015,2729,1695375.0,14.343414513265015,7.36770741017663,1339180127.0,21.015323418132986,0.2817792565981101,0.3286911331837746,-0.1927176543519101,
IN,2016,3529,1569550.0,14.2662995120361,7.435122542173672,1339180127.0,21.015323418132986,0.2817792565981101,0.3286911331837746,-0.1927176543519101,
IN,2017,2129,681825.0,13.432528305658169,7.4892430939286365,1339180127.0,21.015323418132986,0.2817792565981101,0.3286911331837746,-0.1927176543519101,
IQ,2013,17,43500.0,10.680516217076775,8.412904739864173,38274618.0,17.460297519053253,-1.984189887140256,-1.714931108790877,-0.6361569542973633,
IQ,2014,962,2546825.0,14.750358043316815,8.399979016206505,38274618.0,17.460297519053253,-1.984189887140256,-1.714931108790877,-0.6361569542973633,
IQ,2015,14,38725.0,10.56424066528507,8.398441612691235,38274618.0,17.460297519053253,-1.984189887140256,-1.714931108790877,-0.6361569542973633,
JO,2013,116,114550.0,11.648766687881642,8.424314505310521,9702353.0,16.08787899137608,0.6056704752714042,0.5825652389362322,-0.1275868065260665,
JO,2014,1343,1473700.0,14.203286803201355,8.362203196110489,9702353.0,16.08787899137608,0.6056704752714042,0.5825652389362322,-0.1275868065260665,
JO,2015,1084,1224175.0,14.017777705690829,8.304682109774202,9702353.0,16.08787899137608,0.6056704752714042,0.5825652389362322,-0.1275868065260665,
JO,2016,1065,1244350.0,14.034123863191953,8.27719515950577,9702353.0,16.08787899137608,0.6056704752714042,0.5825652389362322,-0.1275868065260665,
JO,2017,559,615375.0,13.3299871170605,8.27911415693202,9702353.0,16.08787899137608,0.6056704752714042,0.5825652389362322,-0.1275868065260665,
KE,2013,428,179725.0,12.099183183852073,7.254136420722831,49699862.0,17.721512714403044,-0.2898581318077513,-0.2093927329674495,-0.5856683858850739,
KE,2014,17611,8263400.0,15.927346683079982,7.279727980684497,49699862.0,17.721512714403044,-0.2898581318077513,-0.2093927329674495,-0.5856683858850739,
KE,2015,23559,10257725.0,16.143541638227294,7.305940350326721,49699862.0,17.721512714403044,-0.2898581318077513,-0.2093927329674495,-0.5856683858850739,37.7
KE,2016,20512,9629650.0,16.08035743835785,7.325134439126475,49699862.0,17.721512714403044,-0.2898581318077513,-0.2093927329674495,-0.5856683858850739,
KE,2017,13334,6113425.0,15.625997730559503,7.34105455720502,49699862.0,17.721512714403044,-0.2898581318077513,-0.2093927329674495,-0.5856683858850739,
KG,2013,26,36550.0,10.506436465177925,6.975212079410457,6045117.0,15.614761396682438,-0.1905952793088575,-0.2258522716711309,-0.1152716796034346,13.5
KG,2014,1642,2298075.0,14.647582373933979,6.992631341580298,6045117.0,15.614761396682438,-0.1905952793088575,-0.2258522716711309,-0.1152716796034346,8.1
KG,2015,2211,2699650.0,14.80863269294228,7.008190429517271,6045117.0,15.614761396682438,-0.1905952793088575,-0.2258522716711309,-0.1152716796034346,11.0
KG,2016,1381,1493675.0,14.216750084196413,7.028481677609845,6045117.0,15.614761396682438,-0.1905952793088575,-0.2258522716711309,-0.1152716796034346,8.0
KG,2017,514,624350.0,13.34446638754329,7.053743672870573,6045117.0,15.614761396682438,-0.1905952793088575,-0.2258522716711309,-0.1152716796034346,8.2
KH,2013,343,288950.0,12.574008941745925,7.227150803535254,16005373.0,16.588435036331656,-0.0674564638311513,-0.1265817627465109,-0.2751376939842131,
KH,2014,6259,4348000.0,15.285226527223237,7.289290442019108,16005373.0,16.588435036331656,-0.0674564638311513,-0.1265817627465109,-0.2751376939842131,
KH,2015,7554,5061100.0,15.437094408941931,7.344279748653595,16005373.0,16.588435036331656,-0.0674564638311513,-0.1265817627465109,-0.2751376939842131,
KH,2016,11593,5421775.0,15.505933810577337,7.405779340759346,16005373.0,16.588435036331656,-0.0674564638311513,-0.1265817627465109,-0.2751376939842131,
KH,2017,9087,4752875.0,15.374260256070851,7.4696172880139295,16005373.0,16.588435036331656,-0.0674564638311513,-0.1265817627465109,-0.2751376939842131,
LA,2014,158,219725.0,12.300132043432846,7.604053467121511,6858160.0,15.740949742149883,0.1473287658186864,0.0049378752681262,-0.311036318280728,
LA,2015,648,512550.0,13.147153546211548,7.659649268063672,6858160.0,15.740949742149883,0.1473287658186864,0.0049378752681262,-0.311036318280728,
LA,2016,330,248400.0,12.422795629041461,7.711889560576734,6858160.0,15.740949742149883,0.1473287658186864,0.0049378752681262,-0.311036318280728,
LA,2017,350,180825.0,12.10528499171748,7.762840347695303,6858160.0,15.740949742149883,0.1473287658186864,0.0049378752681262,-0.311036318280728,
LB,2013,5,7150.0,8.874867635688053,9.041156761014577,6082357.0,15.620902843293576,-0.8992233200038201,-0.7481540782728945,-0.0080179135657675,
LB,2014,1330,1956250.0,14.4865399332706,8.965770803075568,6082357.0,15.620902843293576,-0.8992233200038201,-0.7481540782728945,-0.0080179135657675,
LB,2015,2661,3661875.0,15.11348586928119,8.950806398438399,6082357.0,15.620902843293576,-0.8992233200038201,-0.7481540782728945,-0.0080179135657675,
LB,2016,3138,4168425.0,15.243048824587463,8.989586674103801,6082357.0,15.620902843293576,-0.8992233200038201,-0.7481540782728945,-0.0080179135657675,
LB,2017,1658,2365100.0,14.676330862312355,9.02468214118266,6082357.0,15.620902843293576,-0.8992233200038201,-0.7481540782728945,-0.0080179135657675,
LR,2013,208,46725.0,10.752034632323763,6.575085994465748,4731906.0,15.369838639132473,-0.5487648549834702,-0.5828063998690499,-0.6707980442672459,
LR,2014,1848,492700.0,13.107655748532055,6.561253689016782,4731906.0,15.369838639132473,-0.5487648549834702,-0.5828063998690499,-0.6707980442672459,31.7
LR,2015,34,13150.0,9.48417703760591,6.540438312419157,4731906.0,15.369838639132473,-0.5487648549834702,-0.5828063998690499,-0.6707980442672459,
LR,2016,460,193975.0,12.17548456376215,6.504335347836498,4731906.0,15.369838639132473,-0.5487648549834702,-0.5828063998690499,-0.6707980442672459,33.6
LR,2017,1132,451275.0,13.019832188756663,6.509157883807223,4731906.0,15.369838639132473,-0.5487648549834702,-0.5828063998690499,-0.6707980442672459,
LS,2015,32,29300.0,10.285342795005159,7.022153493411394,2233339.0,14.619008333003299,-0.1296472861699744,-0.1455994930299183,-0.5303081305550024,
LS,2016,227,200350.0,12.20782111606429,7.04541718130876,2233339.0,14.619008333003299,-0.1296472861699744,-0.1455994930299183,-0.5303081305550024,
LS,2017,163,129875.0,11.774327728401529,7.001083193694292,2233339.0,14.619008333003299,-0.1296472861699744,-0.1455994930299183,-0.5303081305550024,41.9
MD,2014,4,11300.0,9.332558004700433,7.914910633093125,4051212.0,15.214526653572861,0.0722493560782917,0.0570261677112089,0.8683968955587792,0.0
MD,2015,66,140625.0,11.853852051940821,7.919193039367943,4051212.0,15.214526653572861,0.0722493560782917,0.0570261677112089,0.8683968955587792,0.1
MD,2016,183,341400.0,12.740810089342478,7.976236439923536,4051212.0,15.214526653572861,0.0722493560782917,0.0570261677112089,0.8683968955587792,0.2
MD,2017,95,225400.0,12.325631880587814,8.034414891109448,4051212.0,15.214526653572861,0.0722493560782917,0.0570261677112089,0.8683968955587792,0.1
MG,2015,1001,329100.0,12.704116934931431,6.098793280884404,25570895.0,17.05696534861023,-0.4537985430166574,-0.4887554947282693,-0.84595942571709,
MG,2016,1865,629375.0,13.352482542454963,6.111814495049769,25570895.0,17.05696534861023,-0.4537985430166574,-0.4887554947282693,-0.84595942571709,
MG,2017,955,277550.0,12.533756376118307,6.124359179862154,25570895.0,17.05696534861023,-0.4537985430166574,-0.4887554947282693,-0.84595942571709,
ML,2013,92,76450.0,11.244392211357209,6.670537458417737,18541980.0,16.73554790851619,-1.298213260745867,-1.0788286694418436,-0.7343388355643711,
ML,2014,2935,3238475.0,14.99061309795203,6.701930465414495,18541980.0,16.73554790851619,-1.298213260745867,-1.0788286694418436,-0.7343388355643711,
ML,2015,1566,2076925.0,14.546398992432565,6.731161132497182,18541980.0,16.73554790851619,-1.298213260745867,-1.0788286694418436,-0.7343388355643711,
ML,2016,1597,2363875.0,14.675812779629574,6.757807675312093,18541980.0,16.73554790851619,-1.298213260745867,-1.0788286694418436,-0.7343388355643711,
ML,2017,449,1230975.0,14.023317096268245,6.778285738287892,18541980.0,16.73554790851619,-1.298213260745867,-1.0788286694418436,-0.7343388355643711,
MM,2014,77,529475.0,13.179641228555802,7.00237783835339,53370609.0,17.792770759150027,-0.9875481995633876,-0.8870082380744154,-0.6368221294713464,
MM,2015,163,670400.0,13.41562982815001,7.061962861886975,53370609.0,17.792770759150027,-0.9875481995633876,-0.8870082380744154,-0.6368221294713464,18.2
MM,2016,740,1200875.0,13.99856101571204,7.111005576910716,53370609.0,17.792770759150027,-0.9875481995633876,-0.8870082380744154,-0.6368221294713464,
MM,2017,890,841550.0,13.643000708554313,7.162834681059614,53370609.0,17.792770759150027,-0.9875481995633876,-0.8870082380744154,-0.6368221294713464,10.3
MN,2013,61,92525.0,11.435234157254357,8.196686802227164,3075647.0,14.939025843594477,0.7595142609183977,0.6106421096420495,1.6158395889779442,
MN,2014,707,1207875.0,14.004373175301609,8.25071379070713,3075647.0,14.939025843594477,0.7595142609183977,0.6106421096420495,1.6158395889779442,0.8
MN,2015,196,344900.0,12.751009798924933,8.252946686819639,3075647.0,14.939025843594477,0.7595142609183977,0.6106421096420495,1.6158395889779442,
MR,2014,1,15000.0,9.615805480084347,7.326890665827806,4420184.0,15.301691882146695,-0.1528365227626636,-0.146893339643293,-0.5901951469287363,11.7
MW,2014,83,131975.0,11.790367789691818,6.290758814885902,18622104.0,16.739859820207197,0.0222303424060911,-0.011146325362773,-0.7826832586384014,
MW,2015,354,548700.0,13.215307123047067,6.29083806357384,18622104.0,16.739859820207197,0.0222303424060911,-0.011146325362773,-0.7826832586384014,
MW,2016,533,471525.0,13.06372740191937,6.288271097381807,18622104.0,16.739859820207197,0.0222303424060911,-0.011146325362773,-0.7826832586384014,71.7
MW,2017,350,481125.0,13.083882390586048,6.300410915634878,18622104.0,16.739859820207197,0.0222303424060911,-0.011146325362773,-0.7826832586384014,
MX,2013,9,17375.0,9.762787670432992,9.183864005741526,129163276.0,18.67658786742244,-0.1857528272920443,-0.1386164381644435,0.1657645134734721,
MX,2014,1038,1791050.0,14.398312598017768,9.19649306446203,129163276.0,18.67658786742244,-0.1857528272920443,-0.1386164381644435,0.1657645134734721,7.2
MX,2015,1922,3644925.0,15.108846347081517,9.212461980959633,129163276.0,18.67658786742244,-0.1857528272920443,-0.1386164381644435,0.1657645134734721,
MX,2016,2147,3831175.0,15.158682102618606,9.220340416583849,129163276.0,18.67658786742244,-0.1857528272920443,-0.1386164381644435,0.1657645134734721,4.4
MX,2017,625,426475.0,12.96330902754872,9.229532295119329,129163276.0,18.67658786742244,-0.1857528272920443,-0.1386164381644435,0.1657645134734721,
MZ,2014,593,445675.0,13.007345265820062,6.372067668344983,29668834.0,17.20560769253961,-0.5853602687753062,-0.5563544832522999,-0.5761328033260082,74.4
MZ,2015,997,664425.0,13.406677283948342,6.414382751168729,29668834.0,17.20560769253961,-0.5853602687753062,-0.5563544832522999,-0.5761328033260082,
MZ,2016,1224,599500.0,13.303851253449706,6.430976292682048,29668834.0,17.20560769253961,-0.5853602687753062,-0.5563544832522999,-0.5761328033260082,
MZ,2017,669,362275.0,12.800158870914125,6.427131768870941,29668834.0,17.20560769253961,-0.5853602687753062,-0.5563544832522999,-0.5761328033260082,
NG,2014,3017,428875.0,12.968920780160751,7.856945080452824,190886311.0,19.06718857842449,-1.2383379396039775,-1.057910823064047,0.0288995805474648,
NG,2015,2738,550025.0,13.217719010721082,7.857764540382058,190886311.0,19.06718857842449,-1.2383379396039775,-1.057910823064047,0.0288995805474648,35.8
NG,2016,3069,912075.0,13.72347750251731,7.816745387441057,190886311.0,19.06718857842449,-1.2383379396039775,-1.057910823064047,0.0288995805474648,
NG,2017,1312,314575.0,12.65897780046017,7.800454860691804,190886311.0,19.06718857842449,-1.2383379396039775,-1.057910823064047,0.0288995805474648,
NI,2013,165,151500.0,11.928340903931561,7.571193633093492,6217581.0,15.642891482319106,-0.6994328711842228,-0.6384531968945585,-0.4385052515879939,
NI,2014,4758,3934700.0,15.18534519804548,7.604221294344826,6217581.0,15.642891482319106,-0.6994328711842228,-0.6384531968945585,-0.4385052515879939,6.6
NI,2015,2877,2799000.0,14.84477276849759,7.637454329088444,6217581.0,15.642891482319106,-0.6994328711842228,-0.6384531968945585,-0.4385052515879939,
NI,2016,2442,2315225.0,14.655017433004236,7.668628423234317,6217581.0,15.642891482319106,-0.6994328711842228,-0.6384531968945585,-0.4385052515879939,
NI,2017,1539,1401525.0,14.153071487458565,7.700581597096402,6217581.0,15.642891482319106,-0.6994328711842228,-0.6384531968945585,-0.4385052515879939,
NP,2013,4,1275.0,7.150701457592526,6.685909710982822,29304998.0,17.193268639644923,-0.2786618270580682,-0.2937106689579289,-0.106969512031246,
NP,2014,97,53800.0,10.893028746149875,6.741305742729731,29304998.0,17.193268639644923,-0.2786618270580682,-0.2937106689579289,-0.106969512031246,
NP,2015,209,101225.0,11.525101040900362,6.77484499111767,29304998.0,17.193268639644923,-0.2786618270580682,-0.2937106689579289,-0.106969512031246,
NP,2016,295,104775.0,11.559570472793272,6.774439798739264,29304998.0,17.193268639644923,-0.2786618270580682,-0.2937106689579289,-0.106969512031246,
NP,2017,112,46550.0,10.748282282705214,6.858415127089003,29304998.0,17.193268639644923,-0.2786618270580682,-0.2937106689579289,-0.106969512031246,
PA,2014,5,30000.0,10.308952660644293,9.51867390736174,4098587.0,15.226152838128199,0.757481309083762,0.6591147037495843,0.4570017165012028,6.4
PA,2015,139,153050.0,11.938519944373558,9.552699166163746,4098587.0,15.226152838128199,0.757481309083762,0.6591147037495843,0.4570017165012028,4.8
PA,2016,48,60225.0,11.005842827483072,9.580117806005246,4098587.0,15.226152838128199,0.757481309083762,0.6591147037495843,0.4570017165012028,4.8
PA,2017,1,30000.0,10.308952660644293,9.618837254250028,4098587.0,15.226152838128199,0.757481309083762,0.6591147037495843,0.4570017165012028,4.3
PE,2013,373,330775.0,12.709193664910611,8.703085270909416,32165485.0,17.286404541215035,0.2903838255023364,0.2495829663819913,0.6412421711546253,8.6
PE,2014,7545,8750325.0,15.98460140050116,8.716686245139517,32165485.0,17.286404541215035,0.2903838255023364,0.2495829663819913,0.6412421711546253,8.0
PE,2015,5644,8105300.0,15.908028726655678,8.737406293698061,32165485.0,17.286404541215035,0.2903838255023364,0.2495829663819913,0.6412421711546253,8.0
PE,2016,6125,9409475.0,16.0572277182942,8.762842341065296,32165485.0,17.286404541215035,0.2903838255023364,0.2495829663819913,0.6412421711546253,7.5
PE,2017,2546,4271525.0,15.267481464301621,8.772985043676032,32165485.0,17.286404541215035,0.2903838255023364,0.2495829663819913,0.6412421711546253,7.3
PH,2013,739,275850.0,12.527612518700577,7.883979596537222,104918090.0,18.46869050845108,-0.0368418812613809,0.0266522569450726,-0.1715612374696827,
PH,2014,37778,13961450.0,16.451810518099414,7.929097700106275,104918090.0,18.46869050845108,-0.0368418812613809,0.0266522569450726,-0.1715612374696827,
PH,2015,46021,16083375.0,16.59329668775138,7.97585962361814,104918090.0,18.46869050845108,-0.0368418812613809,0.0266522569450726,-0.1715612374696827,14.6
PH,2016,48262,16218925.0,16.601689328252956,8.031495018587451,104918090.0,18.46869050845108,-0.0368418812613809,0.0266522569450726,-0.1715612374696827,
PH,2017,27641,8802625.0,15.990560530421737,8.085625471395328,104918090.0,18.46869050845108,-0.0368418812613809,0.0266522569450726,-0.1715612374696827,
PK,2013,220,99450.0,11.507410284282118,7.177553996570382,197015955.0,19.09879527327048,-1.0779992099917737,-0.8485688603944036,-0.4556582177980393,21.2
PK,2014,5887,3012550.0,14.918297454153684,7.202890344660264,197015955.0,19.09879527327048,-1.0779992099917737,-0.8485688603944036,-0.4556582177980393,
PK,2015,6456,3408700.0,15.041841544900878,7.230179450828167,197015955.0,19.09879527327048,-1.0779992099917737,-0.8485688603944036,-0.4556582177980393,16.9
PK,2016,9056,4421425.0,15.301972600284797,7.280825687605685,197015955.0,19.09879527327048,-1.0779992099917737,-0.8485688603944036,-0.4556582177980393,
PK,2017,5238,2352625.0,14.671042283992865,7.310056637896355,197015955.0,19.09879527327048,-1.0779992099917737,-0.8485688603944036,-0.4556582177980393,
PR,2015,12,54300.0,10.902279505922026,10.283362728973948,3663131.0,15.113828804157233,0.8865030259421778,0.8038128656544229,,
PR,2016,29,155700.0,11.95568635782209,10.286249376297468,3663131.0,15.113828804157233,0.8865030259421778,0.8038128656544229,,
PR,2017,10,76000.0,11.238488619268468,10.277171493166762,3663131.0,15.113828804157233,0.8865030259421778,0.8038128656544229,,
PS,2013,130,226350.0,12.329837752864105,8.104592042958386,4920724.0,15.408966232113878,-0.84008509112857,-0.6596870062308308,-0.945161322351654,
PS,2014,1510,2145575.0,14.578918139689245,8.079571356933425,4920724.0,15.408966232113878,-0.84008509112857,-0.6596870062308308,-0.945161322351654,
PS,2015,2052,3238875.0,14.990736605250696,8.093203861526996,4920724.0,15.408966232113878,-0.84008509112857,-0.6596870062308308,-0.945161322351654,
PS,2016,3080,5189400.0,15.462128641522659,8.15567770387785,4920724.0,15.408966232113878,-0.84008509112857,-0.6596870062308308,-0.945161322351654,1.4
PS,2017,1395,2270700.0,14.635598711965368,8.149884728928209,4920724.0,15.408966232113878,-0.84008509112857,-0.6596870062308308,-0.945161322351654,
PY,2013,192,586400.0,13.28175742955458,8.627503530513009,6811297.0,15.734093115204326,0.1513640805521076,0.0851654855170587,-0.2204825576358964,4.1
PY,2014,2742,6765625.0,15.727365202607093,8.66466040603236,6811297.0,15.734093115204326,0.1513640805521076,0.0851654855170587,-0.2204825576358964,4.3
PY,2015,3341,8118950.0,15.90971139343173,8.679199436438678,6811297.0,15.734093115204326,0.1513640805521076,0.0851654855170587,-0.2204825576358964,4.2
PY,2016,3840,9819725.0,16.099903675865207,8.706483541942143,6811297.0,15.734093115204326,0.1513640805521076,0.0851654855170587,-0.2204825576358964,4.2
PY,2017,1788,4338375.0,15.2830104119993,8.739237519828704,6811297.0,15.734093115204326,0.1513640805521076,0.0851654855170587,-0.2204825576358964,2.4
RW,2013,72,57900.0,10.966472663561087,6.501903279215809,12208407.0,16.317635370744885,0.7496024821358792,0.6822766035995483,-0.6621318514780514,65.2
RW,2014,1866,2297725.0,14.647430060952265,6.537575836890622,12208407.0,16.317635370744885,0.7496024821358792,0.6822766035995483,-0.6621318514780514,
RW,2015,1975,4898375.0,15.404414075425525,6.598507161967669,12208407.0,16.317635370744885,0.7496024821358792,0.6822766035995483,-0.6621318514780514,
RW,2016,2143,6406150.0,15.672769024425024,6.632800257149139,12208407.0,16.317635370744885,0.7496024821358792,0.6822766035995483,-0.6621318514780514,63.8
RW,2017,679,2986150.0,14.909495490246893,6.647778171753896,12208407.0,16.317635370744885,0.7496024821358792,0.6822766035995483,-0.6621318514780514,
SB,2014,4,2025.0,7.613324979540639,7.642601192525638,611343.0,13.323413455437265,0.4811046684447631,0.3421708079559384,-0.2565314768377725,
SB,2015,116,87500.0,11.379394072345706,7.623386398351899,611343.0,13.323413455437265,0.4811046684447631,0.3421708079559384,-0.2565314768377725,
SB,2016,117,117225.0,11.671850443957787,7.642163617193173,611343.0,13.323413455437265,0.4811046684447631,0.3421708079559384,-0.2565314768377725,
SB,2017,317,305800.0,12.6306865724771,7.637893310044228,611343.0,13.323413455437265,0.4811046684447631,0.3421708079559384,-0.2565314768377725,
SL,2013,165,80050.0,11.29040671842486,7.044747942236418,7557212.0,15.838012897069733,-0.2251935048830175,-0.2941526794058178,,
SL,2014,2057,1322400.0,14.094958825488952,6.939484436491123,7557212.0,15.838012897069733,-0.2251935048830175,-0.2941526794058178,,
SL,2015,489,623125.0,13.34250241969824,6.87168860673288,7557212.0,15.838012897069733,-0.2251935048830175,-0.2941526794058178,,
SL,2016,1374,1393325.0,14.1472035349537,6.910530048566019,7557212.0,15.838012897069733,-0.2251935048830175,-0.2941526794058178,,
SL,2017,1330,761625.0,13.543209587550795,6.918246988720806,7557212.0,15.838012897069733,-0.2251935048830175,-0.2941526794058178,,
SN,2013,56,88750.0,11.393578707337662,7.045241522368863,15850567.0,16.57871583051839,0.5214437885796537,0.453703614484763,-0.6874880639184823,
SN,2014,1230,2354650.0,14.671902654430077,7.073946362086213,15850567.0,16.57871583051839,0.5214437885796537,0.453703614484763,-0.6874880639184823,
SN,2015,823,1940150.0,14.478275847638134,7.1049704856581215,15850567.0,16.57871583051839,0.5214437885796537,0.453703614484763,-0.6874880639184823,
SN,2016,543,1390350.0,14.145066071972089,7.136808588551612,15850567.0,16.57871583051839,0.5214437885796537,0.453703614484763,-0.6874880639184823,
SN,2017,617,1260025.0,14.046642120000667,7.1793912951181,15850567.0,16.57871583051839,0.5214437885796537,0.453703614484763,-0.6874880639184823,
SO,2014,29,62525.0,11.04332175574582,6.034324775592746,14742523.0,16.506246596970893,-2.551277204872753,-2.324572240010007,,
SO,2015,36,85850.0,11.360356866325622,6.099383716782181,14742523.0,16.506246596970893,-2.551277204872753,-2.324572240010007,,
SO,2016,8,63200.0,11.054059580134949,6.128879120969444,14742523.0,16.506246596970893,-2.551277204872753,-2.324572240010007,,
SO,2017,2,14300.0,9.568014816247999,6.2275264932410925,14742523.0,16.506246596970893,-2.551277204872753,-2.324572240010007,,
SR,2014,106,291725.0,12.583566856674308,9.129590490925912,563402.0,13.241748684293864,0.3957901484551155,0.3147970988092603,0.4641048306781648,
SR,2015,95,210800.0,12.258665095649345,9.084053196979127,563402.0,13.241748684293864,0.3957901484551155,0.3147970988092603,0.4641048306781648,
SR,2016,22,48275.0,10.784669107296715,9.023205111516392,563402.0,13.241748684293864,0.3957901484551155,0.3147970988092603,0.4641048306781648,
SS,2014,48,23750.0,10.075337809462788,7.087653000404691,12575714.0,16.347278051662247,-2.497344604000264,-2.254456262726725,-0.8855015453237196,
SS,2015,111,47150.0,10.761089288061603,6.984852594395147,12575714.0,16.347278051662247,-2.497344604000264,-2.254456262726725,-0.8855015453237196,
SS,2017,1,50000.0,10.819778284410283,,12575714.0,16.347278051662247,-2.497344604000264,-2.254456262726725,-0.8855015453237196,
SV,2013,539,323250.0,12.686181296634103,8.206625832448873,6377853.0,15.66834207830911,-0.0116590516862428,-0.0636053604183108,0.0595149456081087,7.1
SV,2014,13044,8423825.0,15.946574558601059,8.219851257751255,6377853.0,15.66834207830911,-0.0116590516862428,-0.0636053604183108,0.0595149456081087,7.0
SV,2015,11952,8231200.0,15.923442370043738,8.24021123890809,6377853.0,15.66834207830911,-0.0116590516862428,-0.0636053604183108,0.0595149456081087,5.3
SV,2016,9302,6348300.0,15.663697618490973,8.26251947625016,6377853.0,15.66834207830911,-0.0116590516862428,-0.0636053604183108,0.0595149456081087,5.8
SV,2017,5038,3277075.0,15.002461814205748,8.28269546036484,6377853.0,15.66834207830911,-0.0116590516862428,-0.0636053604183108,0.0595149456081087,4.5
TG,2014,857,410750.0,12.925740035899514,6.593443152781048,7797694.0,15.869338606923757,-0.4713137433331489,-0.4242182353159449,-0.679853535864526,
TG,2015,2088,381075.0,12.850751485130042,6.621474873851917,7797694.0,15.869338606923757,-0.4713137433331489,-0.4242182353159449,-0.679853535864526,61.5
TG,2016,1841,428950.0,12.969095641001111,6.6376199387281645,7797694.0,15.869338606923757,-0.4713137433331489,-0.4242182353159449,-0.679853535864526,
TG,2017,963,315600.0,12.662230867953856,6.651926975065305,7797694.0,15.869338606923757,-0.4713137433331489,-0.4242182353159449,-0.679853535864526,
TH,2014,24,54600.0,10.907789161732996,8.620014364522413,69037513.0,18.05016058149502,0.5579980864705696,0.5659444531525342,0.914052210860223,0.2
TH,2015,20,43350.0,10.677061982208688,8.646263987300964,69037513.0,18.05016058149502,0.5579980864705696,0.5659444531525342,0.914052210860223,0.1
TH,2016,94,192300.0,12.166811931576872,8.675526061571343,69037513.0,18.05016058149502,0.5579980864705696,0.5659444531525342,0.914052210860223,0.1
TH,2017,42,135850.0,11.819306614854494,8.712224153308561,69037513.0,18.05016058149502,0.5579980864705696,0.5659444531525342,0.914052210860223,0.1
TJ,2013,129,139700.0,11.847252545245054,6.791089300172852,8921343.0,16.00395705376121,-0.6260550143198025,-0.6335821163900288,-0.1447872414866565,
TJ,2014,4353,4549450.0,15.330516904499785,6.830842875064628,8921343.0,16.00395705376121,-0.6260550143198025,-0.6335821163900288,-0.1447872414866565,
TJ,2015,4536,3739125.0,15.134362184799203,6.863715938235779,8921343.0,16.00395705376121,-0.6260550143198025,-0.6335821163900288,-0.1447872414866565,13.3
TJ,2016,6418,4085150.0,15.22286900530833,6.90510438301683,8921343.0,16.00395705376121,-0.6260550143198025,-0.6335821163900288,-0.1447872414866565,
TJ,2017,4144,2516925.0,14.738548476295671,6.949150470067211,8921343.0,16.00395705376121,-0.6260550143198025,-0.6335821163900288,-0.1447872414866565,
TL,2013,47,43750.0,10.68624689178576,7.1561209732417375,1296311.0,14.075033096242171,-0.0847433650871812,-0.1894144697496956,-0.4241427239426716,
TL,2014,761,636200.0,13.36326825829718,7.180043179267422,1296311.0,14.075033096242171,-0.0847433650871812,-0.1894144697496956,-0.4241427239426716,43.9
TL,2015,1055,1016500.0,13.831875912050538,7.185078596836018,1296311.0,14.075033096242171,-0.0847433650871812,-0.1894144697496956,-0.4241427239426716,
TL,2016,602,544000.0,13.206704525838079,7.195681242571816,1296311.0,14.075033096242171,-0.0847433650871812,-0.1894144697496956,-0.4241427239426716,
TL,2017,225,193450.0,12.17277436012866,7.144475541028498,1296311.0,14.075033096242171,-0.0847433650871812,-0.1894144697496956,-0.4241427239426716,
TR,2013,15,6750.0,8.817297783866575,9.236928641704614,80745020.0,18.20680684633863,-0.1957538282789697,-0.0734041211720992,1.0186070459614938,1.5
TR,2014,239,99225.0,11.505145277651266,9.268418713657832,80745020.0,18.20680684633863,-0.1957538282789697,-0.0734041211720992,1.0186070459614938,1.0
TR,2015,532,228650.0,12.339947729086202,9.311510571049386,80745020.0,18.20680684633863,-0.1957538282789697,-0.0734041211720992,1.0186070459614938,1.3
TR,2016,663,286225.0,12.564533493792013,9.330752566421994,80745020.0,18.20680684633863,-0.1957538282789697,-0.0734041211720992,1.0186070459614938,0.9
TR,2017,254,122950.0,11.719533047644338,9.393132316660674,80745020.0,18.20680684633863,-0.1957538282789697,-0.0734041211720992,1.0186070459614938,1.1
TZ,2013,33,93675.0,11.447586623661888,6.783111727579558,57310019.0,17.86398601805814,-0.1514276698095203,-0.171993106144884,,
TZ,2014,1292,2571225.0,14.759892997004613,6.817624005549459,57310019.0,17.86398601805814,-0.1514276698095203,-0.171993106144884,,
TZ,2015,1672,1789550.0,14.39747474956346,6.844951060363835,57310019.0,17.86398601805814,-0.1514276698095203,-0.171993106144884,,
TZ,2016,1774,1868950.0,14.440887333805907,6.877457015173844,57310019.0,17.86398601805814,-0.1514276698095203,-0.171993106144884,,
TZ,2017,448,504325.0,13.130976180502552,6.909313025026465,57310019.0,17.86398601805814,-0.1514276698095203,-0.171993106144884,,
UA,2013,17,39025.0,10.571957745383633,7.796640387883055,44222947.0,17.604754375225422,-0.5290268957187734,-0.4041347921642272,0.8181439068952759,0.1
UA,2014,366,760650.0,13.541928609891276,7.744415425280027,44222947.0,17.604754375225422,-0.5290268957187734,-0.4041347921642272,0.8181439068952759,0.0
UA,2015,228,328700.0,12.70290075965231,7.647057668097867,44222947.0,17.604754375225422,-0.5290268957187734,-0.4041347921642272,0.8181439068952759,0.3
UA,2016,236,337650.0,12.729765135002989,7.676048432128427,44222947.0,17.604754375225422,-0.5290268957187734,-0.4041347921642272,0.8181439068952759,0.2
UA,2017,116,148175.0,11.906149286656039,7.704249768417747,44222947.0,17.604754375225422,-0.5290268957187734,-0.4041347921642272,0.8181439068952759,0.1
UG,2013,41,18250.0,9.811920359010637,6.720206487647428,42862958.0,17.573518561027225,-0.119363794218767,-0.096475184579678,-0.6934667668018717,
UG,2014,7390,5739825.0,15.562939280026109,6.74049414036517,42862958.0,17.573518561027225,-0.119363794218767,-0.096475184579678,-0.6934667668018717,
UG,2015,6152,4633475.0,15.348817684504956,6.760338918057233,42862958.0,17.573518561027225,-0.119363794218767,-0.096475184579678,-0.6934667668018717,
UG,2016,4538,3370100.0,15.030452975478797,6.773821943462781,42862958.0,17.573518561027225,-0.119363794218767,-0.096475184579678,-0.6934667668018717,60.1
UG,2017,2480,1627700.0,14.30267853337959,6.769749755220039,42862958.0,17.573518561027225,-0.119363794218767,-0.096475184579678,-0.6934667668018717,
US,2013,34,174675.0,12.070682383420651,10.905269970009757,324459463.0,19.597671164887522,1.9551233625650144,1.8976306801624263,6.860834516386677,1.0
US,2014,1009,4707875.0,15.36474719645758,10.92223470604978,324459463.0,19.597671164887522,1.9551233625650144,1.8976306801624263,6.860834516386677,1.2
US,2015,1207,6599125.0,15.702447622450135,10.943285685019262,324459463.0,19.597671164887522,1.9551233625650144,1.8976306801624263,6.860834516386677,1.2
US,2016,1102,6695750.0,15.716983554731634,10.953460405459357,324459463.0,19.597671164887522,1.9551233625650144,1.8976306801624263,6.860834516386677,1.2
US,2017,746,3950100.0,15.189251453012545,10.970810429043524,324459463.0,19.597671164887522,1.9551233625650144,1.8976306801624263,6.860834516386677,1.2
VC,2014,2,2025.0,7.613324979540639,8.870132064812884,,,1.4690665682188182,1.2876730441911637,-0.0159990085105257,
VC,2015,14,47200.0,10.762149171573647,8.902963702626419,,,1.4690665682188182,1.2876730441911637,-0.0159990085105257,
VN,2013,102,90850.0,11.416965073824317,7.749358806435045,95540800.0,18.375063939347175,0.6638173593006527,0.5979014487755485,0.4796090753681938,
VN,2014,2885,3738575.0,15.134215080742878,7.799460881041576,95540800.0,18.375063939347175,0.6638173593006527,0.5979014487755485,0.4796090753681938,3.4
VN,2015,2952,4625300.0,15.347051791689893,7.854601928784032,95540800.0,18.375063939347175,0.6638173593006527,0.5979014487755485,0.4796090753681938,
VN,2016,3138,4521525.0,15.324359884285947,7.906760423016145,95540800.0,18.375063939347175,0.6638173593006527,0.5979014487755485,0.4796090753681938,2.5
VN,2017,1766,1915200.0,14.465332613785845,7.961417899373378,95540800.0,18.375063939347175,0.6638173593006527,0.5979014487755485,0.4796090753681938,
VU,2014,4,9250.0,9.132378830506472,7.940168728348786,,,1.0302763887454245,0.8283546837527732,0.1571748989306508,
WS,2013,122,77075.0,11.252534252754351,8.288130378961208,196440.0,12.18811232015318,1.9321286357959204,1.7219286290859543,0.6635438981315483,4.5
WS,2014,1927,1714900.0,14.354865327844239,8.285825238414338,196440.0,12.18811232015318,1.9321286357959204,1.7219286290859543,0.6635438981315483,
WS,2015,1754,1380550.0,14.137992528457781,8.31492052949501,196440.0,12.18811232015318,1.9321286357959204,1.7219286290859543,0.6635438981315483,
WS,2016,2494,2221300.0,14.613603168045714,8.383258957525818,196440.0,12.18811232015318,1.9321286357959204,1.7219286290859543,0.6635438981315483,
WS,2017,1099,897750.0,13.707646912088329,8.387852585180294,196440.0,12.18811232015318,1.9321286357959204,1.7219286290859543,0.6635438981315483,
XK,2013,2,4525.0,8.417372856134026,,1895250.0,14.454861313918551,,,,
XK,2014,517,762100.0,13.543833059654208,,1895250.0,14.454861313918551,,,,
XK,2015,264,356625.0,12.784440088515801,,1895250.0,14.454861313918551,,,,
XK,2016,402,518750.0,13.159177350527045,,1895250.0,14.454861313918551,,,,
XK,2017,234,305750.0,12.63052305354942,,1895250.0,14.454861313918551,,,,
YE,2013,66,55625.0,10.926388019468542,7.608239927339016,28250420.0,17.156618882702844,-2.503944771598196,-2.2267189246354904,,
YE,2014,1642,1409825.0,14.15897614117646,7.575668004524299,28250420.0,17.156618882702844,-2.503944771598196,-2.2267189246354904,,33.3
YE,2015,254,224900.0,12.323411137947407,7.216837093883102,28250420.0,17.156618882702844,-2.503944771598196,-2.2267189246354904,,
YE,2016,179,83100.0,11.32779998084354,7.088374270326831,28250420.0,17.156618882702844,-2.503944771598196,-2.2267189246354904,,
YE,2017,172,106500.0,11.575900264131617,7.00620266759532,28250420.0,17.156618882702844,-2.503944771598196,-2.2267189246354904,,
ZA,2014,52,90525.0,11.413381334633842,8.725020996315116,56717156.0,17.85358729788732,0.4840101763363267,0.4624888458767162,3.301727840932471,31.2
ZA,2015,192,254675.0,12.447743501458268,8.718054131030598,56717156.0,17.85358729788732,0.4840101763363267,0.4624888458767162,3.301727840932471,
ZA,2016,113,190475.0,12.15727623134121,8.715272450986129,56717156.0,17.85358729788732,0.4840101763363267,0.4624888458767162,3.301727840932471,
ZA,2017,21,38350.0,10.554509806795402,8.72024701690778,56717156.0,17.85358729788732,0.4840101763363267,0.4624888458767162,3.301727840932471,
ZM,2014,188,238850.0,12.383591018818107,7.169359575997535,17094130.0,16.65424568768679,0.0735515105791301,0.0183265908927678,-0.6711662096809118,
ZM,2015,213,436350.0,12.986199952591457,7.166943649325315,17094130.0,16.65424568768679,0.0735515105791301,0.0183265908927678,-0.6711662096809118,67.9
ZM,2016,218,346775.0,12.75643143363149,7.172865875510704,17094130.0,16.65424568768679,0.0735515105791301,0.0183265908927678,-0.6711662096809118,
ZM,2017,165,188700.0,12.147913731356642,7.176841739088678,17094130.0,16.65424568768679,0.0735515105791301,0.0183265908927678,-0.6711662096809118,
ZW,2013,5,12650.0,9.445412494155667,7.220972280075014,16529904.0,16.62068166215784,-0.948731813497086,-0.90139903864408,-0.4644249759444603,
ZW,2014,2073,1302175.0,14.079546501320776,7.230747091059947,16529904.0,16.62068166215784,-0.948731813497086,-0.90139903864408,-0.4644249759444603,
ZW,2015,600,723625.0,13.492028581381305,7.234989494718447,16529904.0,16.62068166215784,-0.948731813497086,-0.90139903864408,-0.4644249759444603,
ZW,2016,808,788600.0,13.578014500425663,7.228637014237936,16529904.0,16.62068166215784,-0.948731813497086,-0.90139903864408,-0.4644249759444603,
ZW,2017,548,620350.0,13.338039113871018,7.2604660184634415,16529904.0,16.62068166215784,-0.948731813497086,-0.90139903864408,-0.4644249759444603,44.7
