iso3,year,gdp_pc_const2015,population
ABW,2013,26680.1411206342,105675.0
ABW,2014,26773.8229102391,106807.0
ABW,2015,27458.2201537506,107906.0
ABW,2016,27587.2498040483,108727.0
ABW,2017,28548.8904317739,108735.0
AFG,2013,580.603833333096,31622704.0
AFG,2014,575.146245808546,32792523.0
AFG,2015,565.569730408751,33831764.0
AFG,2016,563.872336723147,34700612.0
AFG,2017,562.769574140988,35688935.0
AGO,2013,3716.29718727597,26165620.0
AGO,2014,3746.81619978931,27160769.0
AGO,2015,3641.72893920253,28157798.0
AGO,2016,3505.59634681792,29183070.0
AGO,2017,3378.07588102598,30234839.0
ALB,2013,3895.89975621942,2816902.0
ALB,2014,4045.11934884933,2773767.0
ALB,2015,4199.53912925398,2731293.0
ALB,2016,4431.55635814168,2689469.0
ALB,2017,4648.23078660658,2648285.0
AND,2013,35684.1694347737,75194.0
AND,2014,37300.6244197096,73737.0
AND,2015,38654.9347217207,72174.0
AND,2016,40085.020598622,72181.0
AND,2017,39361.0622648699,73763.0
ARE,2013,44312.6320463505,7693031.0
ARE,2014,44257.6652085451,8059440.0
ARE,2015,44910.3458860776,8505237.0
ARE,2016,45168.4955973912,8935095.0
ARE,2017,43293.0202360765,9223225.0
ARG,2013,13946.0950832252,42582455.0
ARG,2014,13456.1319159151,43024071.0
ARG,2015,13679.6264980954,43477012.0
ARG,2016,13265.8860639123,43900313.0
ARG,2017,13520.1129846159,44288894.0
ARM,2013,3266.29882999873,3022000.0
ARM,2014,3393.09252326884,3013800.0
ARM,2015,3512.39350276709,3004600.0
ARM,2016,3533.88503607007,2992300.0
ARM,2017,3815.3747426037,2979400.0
ASM,2013,11871.7937192729,54006.0
ASM,2014,12203.0894714284,53466.0
ASM,2015,12727.4102651386,52878.0
ASM,2016,12665.2829921268,52245.0
ASM,2017,11930.7771236826,51586.0
ATG,2013,15748.1952024226,88064.0
ATG,2014,15967.284996712,88765.0
ATG,2015,16077.6340769406,89409.0
ATG,2016,16635.895232831,89969.0
ATG,2017,16992.9327495236,90468.0
AUS,2013,55966.1509270561,23128129.0
AUS,2014,56571.8062524437,23475686.0
AUS,2015,56970.3613028094,23815995.0
AUS,2016,57632.9995925594,24190907.0
AUS,2017,57991.771347333,24592588.0
AUT,2013,43851.3675497404,8479823.0
AUT,2014,43838.8345892137,8546356.0
AUT,2015,43915.228020857,8642699.0
AUT,2016,44362.6702805116,8736668.0
AUT,2017,45056.6385912412,8797566.0
AZE,2013,5425.99559780578,9416801.0
AZE,2014,5508.60265612676,9535079.0
AZE,2015,5500.50364628486,9649341.0
AZE,2016,5272.71817141861,9757812.0
AZE,2017,5229.25259993413,9854033.0
BDI,2013,259.311117203355,10439341.0
BDI,2014,261.296721752002,10799785.0
BDI,2015,254.402585226788,11047580.0
BDI,2016,258.061970804063,11239451.0
BDI,2017,261.725839287239,11506762.0
BEL,2013,40007.8997891411,11159407.0
BEL,2014,40533.9135027898,11209057.0
BEL,2015,40893.804537772,11274196.0
BEL,2016,41172.8862831209,11331422.0
BEL,2017,41619.328629169,11375158.0
BEN,2013,982.399206290516,10708834.0
BEN,2014,1014.4330062135,11030004.0
BEN,2015,1002.41886879614,11360681.0
BEN,2016,1006.03926633023,11697842.0
BEN,2017,1032.90471194182,12039780.0
BFA,2013,616.741331164082,17695409.0
BFA,2014,624.576885187665,18229461.0
BFA,2015,630.124750752312,18777487.0
BFA,2016,648.420480176012,19334856.0
BFA,2017,669.276310328333,19894407.0
BGD,2013,1103.15695907123,156532141.0
BGD,2014,1159.40753475981,157964929.0
BGD,2015,1224.38647668165,159383179.0
BGD,2016,1299.83091360792,160811932.0
BGD,2017,1373.75363740186,162186147.0
BGR,2013,6793.08253592745,7160005.0
BGR,2014,6941.37319825776,7073572.0
BGR,2015,7269.02586513711,6984225.0
BGR,2016,7586.89174668116,6894139.0
BGR,2017,7899.11056589871,6803468.0
BHR,2013,24271.6278814506,1253191.0
BHR,2014,24135.4991304849,1314562.0
BHR,2015,23734.0551143019,1370322.0
BHR,2016,23715.2791328712,1423726.0
BHR,2017,23606.8867501313,1501116.0
BHS,2013,30368.2631244189,378953.0
BHS,2014,30658.5344563722,382298.0
BHS,2015,30719.405417469,385346.0
BHS,2016,30152.1619246021,388055.0
BHS,2017,30974.7477261317,390485.0
BIH,2013,4306.73175072214,3610859.0
BIH,2014,4412.67617817734,3564829.0
BIH,2015,4662.25869219448,3518541.0
BIH,2016,4876.53471495633,3473003.0
BIH,2017,5099.81602856447,3428682.0
BLR,2013,6115.43288098707,9443211.0
BLR,2014,6212.91667418659,9448515.0
BLR,2015,5967.05595058777,9461076.0
BLR,2016,5811.20159182547,9469379.0
BLR,2017,5964.89668834561,9458989.0
BLZ,2013,6013.07879895362,341627.0
BLZ,2014,6116.49578852783,348923.0
BLZ,2015,6154.62264230369,356333.0
BLZ,2016,6012.21296983668,364705.0
BLZ,2017,5767.61921963762,373202.0
BMU,2013,107860.394791964,63574.0
BMU,2014,103941.982606956,63529.0
BMU,2015,104855.366822135,63464.0
BMU,2016,104190.876720334,63449.0
BMU,2017,107734.608357327,63578.0
BOL,2013,2793.51457124054,10682608.0
BOL,2014,2900.90241571477,10848888.0
BOL,2015,2996.01289811344,11014705.0
BOL,2016,3077.57057582774,11180020.0
BOL,2017,3160.16421247588,11344587.0
BRA,2013,9366.73932434359,198478299.0
BRA,2014,9338.34278278114,200085127.0
BRA,2015,8936.19661712113,201675532.0
BRA,2016,8577.84376650911,203218114.0
BRA,2017,8628.25308908043,204703445.0
BRB,2013,20521.1209928514,277665.0
BRB,2014,20636.0327188055,278348.0
BRB,2015,20429.4747123553,278990.0
BRB,2016,20673.7682337375,279598.0
BRB,2017,20766.5518491129,280171.0
BRN,2013,32381.0739795231,411202.0
BRN,2014,31148.7297405401,416750.0
BRN,2015,30625.1287744656,422212.0
BRN,2016,29492.4145927789,427564.0
BRN,2017,29524.65912789,432772.0
BTN,2013,2671.07460201171,725273.0
BTN,2014,2797.81883971908,733139.0
BTN,2015,2954.04081911097,740618.0
BTN,2016,3173.36773217431,747866.0
BTN,2017,3211.80903275593,754335.0
BWA,2013,6284.97678002618,2140682.0
BWA,2014,6547.12254115892,2172044.0
BWA,2015,6141.20394726616,2203273.0
BWA,2016,6490.83463593483,2234776.0
BWA,2017,6662.57644805467,2266747.0
CAF,2013,349.821171688973,4642419.0
CAF,2014,351.561554911625,4623182.0
CAF,2015,366.322853938121,4629320.0
CAF,2016,376.858254120398,4713663.0
CAF,2017,387.35795131742,4793511.0
CAN,2013,,35080992.0
CAN,2014,,35434066.0
CAN,2015,,35704498.0
CAN,2016,,36110803.0
CAN,2017,,36545075.0
CHE,2013,83914.0245080812,8089346.0
CHE,2014,85004.8134534,8188649.0
CHE,2015,85265.06205193,8282396.0
CHE,2016,85951.2234148345,8373338.0
CHE,2017,86362.360972862,8451840.0
CHI,2013,60780.669022098,161777.0
CHI,2014,61892.8083445708,162726.0
CHI,2015,61847.8212238857,163454.0
CHI,2016,62434.1859444218,163883.0
CHI,2017,63393.3938698644,164319.0
CHL,2013,13182.7329619856,17687006.0
CHL,2014,13285.9540361192,17864195.0
CHL,2015,13433.9202987032,18047625.0
CHL,2016,13505.097711133,18267221.0
CHL,2017,13473.3458532934,18558868.0
CHN,2013,7197.937319496,1363240000.0
CHN,2014,7686.37369520403,1371860000.0
CHN,2015,8175.33285077393,1379860000.0
CHN,2016,8679.22528805041,1387790000.0
CHN,2017,9221.35045639842,1396215000.0
CIV,2013,1632.32712787006,23939775.0
CIV,2014,1742.53693001178,24527395.0
CIV,2015,1814.71855088017,25246342.0
CIV,2016,1889.27777949938,25989405.0
CIV,2017,1972.81431788947,26733372.0
CMR,2013,1347.2130636706,21402376.0
CMR,2014,1381.81938454907,22059893.0
CMR,2015,1415.00009710569,22763414.0
CMR,2016,1435.61830727839,23454161.0
CMR,2017,1444.90682916573,24128601.0
COD,2013,464.526715460494,75789395.0
COD,2014,481.830241883776,78403242.0
COD,2015,495.826633014883,81035531.0
COD,2016,480.461377880475,83956415.0
COD,2017,482.854682128541,87083398.0
COG,2013,2390.65754938662,4857099.0
COG,2014,2488.68118548992,4975880.0
COG,2015,2439.35189403696,5097581.0
COG,2016,2174.19310251224,5222536.0
COG,2017,2003.27121075187,5351011.0
COL,2013,5910.80592301166,46151584.0
COL,2014,6121.83982019825,46565429.0
COL,2015,6248.51490534512,46969940.0
COL,2016,6316.07067782542,47437512.0
COL,2017,6309.67745292518,48131078.0
COM,2013,1343.54683280656,696192.0
COM,2014,1342.3295858321,711503.0
COM,2015,1329.37048235986,726682.0
COM,2016,1345.6261652831,741741.0
COM,2017,1369.41180275963,756669.0
CPV,2013,3361.09387702205,512225.0
CPV,2014,3383.8422809791,512326.0
CPV,2015,3415.06266730931,512394.0
CPV,2016,3560.1400729534,512554.0
CPV,2017,3719.71306047915,512893.0
CRI,2013,11151.1437937744,4716147.0
CRI,2014,11422.6735972442,4767119.0
CRI,2015,11714.7106121672,4818038.0
CRI,2016,12084.4351419988,4866998.0
CRI,2017,12468.5654849336,4913177.0
CUB,2013,7307.82004410741,11298167.0
CUB,2014,7392.48324633027,11285775.0
CUB,2015,7727.91997207998,11275065.0
CUB,2016,7774.0698462623,11265612.0
CUB,2017,7927.27769431767,11247829.0
CUW,2013,,153822.0
CUW,2014,,155909.0
CUW,2015,,157980.0
CUW,2016,,159664.0
CUW,2017,,160175.0
CYM,2013,76038.879554035,58655.0
CYM,2014,76104.6215727416,60160.0
CYM,2015,76379.2095108681,61642.0
CYM,2016,77031.8643873625,63100.0
CYM,2017,77717.1752058822,64535.0
CYP,2013,22711.708984375,1183895.0
CYP,2014,22373.56640625,1201801.0
CYP,2015,23088.4296875,1219502.0
CYP,2016,24477.974609375,1237112.0
CYP,2017,25665.990234375,1254275.0
CZE,2013,16759.7808635642,10514272.0
CZE,2014,17118.0425571578,10525347.0
CZE,2015,17931.5987670768,10546059.0
CZE,2016,18359.0978103904,10566332.0
CZE,2017,19257.6930680911,10594438.0
DEU,2013,40884.8926759028,80645605.0
DEU,2014,41602.4661281668,80982500.0
DEU,2015,41929.7549110722,81686611.0
DEU,2016,42516.9337063103,82348669.0
DEU,2017,43543.4807050551,82657002.0
DJI,2013,2140.13769442336,984824.0
DJI,2014,2253.14082249768,1002717.0
DJI,2015,2376.12554719873,1020313.0
DJI,2016,2502.85181449431,1037653.0
DJI,2017,2596.45134698268,1054841.0
DMA,2013,8459.6586988024,69715.0
DMA,2014,8576.26367623609,70373.0
DMA,2015,8282.59874702141,70410.0
DMA,2016,8499.52291903149,69606.0
DMA,2017,7985.6341102129,68496.0
DNK,2013,51970.3909324806,5614932.0
DNK,2014,52368.3625969272,5643475.0
DNK,2015,53094.0133607574,5683483.0
DNK,2016,54300.2039621991,5728010.0
DNK,2017,55601.0145717787,5764980.0
DOM,2013,6075.03399972737,10193833.0
DOM,2014,6430.27811051339,10315528.0
DOM,2015,6800.95309395474,10434829.0
DOM,2016,7177.75376475488,10551430.0
DOM,2017,7379.39978067137,10666843.0
DZA,2013,4543.23444006767,38414171.0
DZA,2014,4634.10149179952,39205031.0
DZA,2015,4685.05902729002,40019529.0
DZA,2016,4768.73140081027,40850721.0
DZA,2017,4742.90075532529,41689299.0
ECU,2013,5893.32172683036,15807128.0
ECU,2014,6055.04172761485,16035124.0
ECU,2015,5976.1596805651,16266225.0
ECU,2016,5849.13587933672,16505139.0
ECU,2017,6104.27253521751,16759519.0
EGY,2013,3216.37839024454,95333553.0
EGY,2014,3235.66246235519,97528654.0
EGY,2015,3306.98159414141,99597342.0
EGY,2016,3381.22246307712,101644589.0
EGY,2017,3452.90961245976,103696057.0
ERI,2013,,3074360.0
ERI,2014,,3095173.0
ERI,2015,,3105546.0
ERI,2016,,3124698.0
ERI,2017,,3150347.0
ESP,2013,24498.5559507945,46604197.0
ESP,2014,24947.8512505913,46460733.0
ESP,2015,25982.4416197775,46422303.0
ESP,2016,26719.2442268615,46458139.0
ESP,2017,27426.281015093,46571232.0
EST,2013,16809.5326683781,1317997.0
EST,2014,17413.6867560212,1314545.0
EST,2015,17722.1557669523,1315407.0
EST,2016,18264.9873304279,1315790.0
EST,2017,19270.8141210511,1317384.0
ETH,2013,518.324662208106,
ETH,2014,556.362532243867,
ETH,2015,597.912113218663,
ETH,2016,636.835680951429,
ETH,2017,678.98541915757,
FIN,2013,42883.6384986417,5438972.0
FIN,2014,42502.4880199858,5461512.0
FIN,2015,42560.3456767103,5479531.0
FIN,2016,43529.6761616969,5495303.0
FIN,2017,44862.220404205,5508214.0
FJI,2013,4630.3512738488,916352.0
FJI,2014,4883.24299340799,917585.0
FJI,2015,5097.53106864695,918578.0
FJI,2016,5218.85824573477,919166.0
FJI,2017,5500.67840280072,918759.0
FRA,2013,36256.086680981,65997932.0
FRA,2014,36444.3949089146,66312067.0
FRA,2015,36702.4323733379,66548272.0
FRA,2016,36920.5342846914,66724104.0
FRA,2017,37580.5979329356,66918020.0
FRO,2013,50121.7919684574,48245.0
FRO,2014,52645.8769957728,48427.0
FRO,2015,52638.2668218454,48898.0
FRO,2016,52758.462646154,49463.0
FRO,2017,53832.1022752798,50179.0
FSM,2013,2837.15746729135,108121.0
FSM,2014,2757.39654878889,108396.0
FSM,2015,2869.86276169101,108716.0
FSM,2016,2896.47282245468,109075.0
FSM,2017,2945.60147384462,109481.0
GAB,2013,6938.25753862236,1913059.0
GAB,2014,6998.60545439576,1978399.0
GAB,2015,7047.12654634355,2040989.0
GAB,2016,6991.3251446736,2100306.0
GAB,2017,6840.05959347802,2156900.0
GBR,2013,43585.8731772281,64138000.0
GBR,2014,44628.5724578217,64619000.0
GBR,2015,45256.040227057,65087000.0
GBR,2016,45888.7099614563,65606000.0
GBR,2017,47019.4510419999,65964000.0
GEO,2013,3806.50600649051,3717668.0
GEO,2014,3960.35080091901,3719414.0
GEO,2015,4086.6223465965,3725276.0
GEO,2016,4225.09154904806,3727505.0
GEO,2017,4442.50744127374,3728004.0
GHA,2013,1718.59704769958,27386193.0
GHA,2014,1726.36930134647,28041592.0
GHA,2015,1722.77282833606,28696068.0
GHA,2016,1740.81101902928,29356742.0
GHA,2017,1841.44636153249,30008354.0
GIB,2013,,32407.0
GIB,2014,,32813.0
GIB,2015,,33193.0
GIB,2016,,33658.0
GIB,2017,,34245.0
GIN,2013,729.833143236326,11191873.0
GIN,2014,738.272274481308,11472924.0
GIN,2015,747.356966759448,11767070.0
GIN,2016,807.236421043888,12073030.0
GIN,2017,867.907502577607,12385659.0
GMB,2013,638.522368532214,2103820.0
GMB,2014,611.879472952196,2164528.0
GMB,2015,619.536364296461,2224529.0
GMB,2016,615.193365494386,2283769.0
GMB,2017,628.777299272925,2342189.0
GNB,2013,634.095456089352,1695973.0
GNB,2014,623.610159103365,1741122.0
GNB,2015,645.066837207039,1786457.0
GNB,2016,663.242608032005,1831893.0
GNB,2017,677.466131311367,1877072.0
GNQ,2013,10731.6455729191,1346218.0
GNQ,2014,10363.4872473549,1399828.0
GNQ,2015,9068.91003238645,1453923.0
GNQ,2016,7971.83401904573,1508186.0
GNQ,2017,7259.10936454803,1562396.0
GRC,2013,17644.8766635021,10965211.0
GRC,2014,17903.5252440012,10892413.0
GRC,2015,17980.7298238137,10820883.0
GRC,2016,18049.928997892,10775971.0
GRC,2017,18352.0884461258,10754679.0
GRD,2013,7688.75297701343,113487.0
GRD,2014,8206.62862112333,114132.0
GRD,2015,8694.12438005692,114676.0
GRD,2016,8983.68397337899,115130.0
GRD,2017,9357.40728883583,115438.0
GRL,2013,43338.3839246907,56483.0
GRL,2014,45545.1429414917,56295.0
GRL,2015,44536.3549705377,56114.0
GRL,2016,46561.7831434013,56186.0
GRL,2017,46597.9452470348,56172.0
GTM,2013,3717.30457960279,15387337.0
GTM,2014,3809.61584332802,15681725.0
GTM,2015,3893.50533299068,15971743.0
GTM,2016,3924.7789643024,16268760.0
GTM,2017,3972.74059262672,16567357.0
GUM,2013,34044.3190415455,165966.0
GUM,2014,34755.2691107298,165486.0
GUM,2015,35165.7014644795,164905.0
GUM,2016,35373.8483143417,164233.0
GUM,2017,35850.9025520506,163490.0
GUY,2013,5573.3421790463,750021.0
GUY,2014,5635.71704117947,754229.0
GUY,2015,5640.41560569466,758781.0
GUY,2016,5818.61682204646,763548.0
GUY,2017,5997.18271426826,768479.0
HKG,2013,40959.9776349249,7178900.0
HKG,2014,41796.8593150091,7229500.0
HKG,2015,42432.1619740441,7291300.0
HKG,2016,43087.5537128127,7336600.0
HKG,2017,44380.8176753147,7393200.0
HND,2013,2205.40126728067,8889278.0
HND,2014,2229.24772232218,9063122.0
HND,2015,2271.20265980349,9237305.0
HND,2016,2315.72983058198,9412380.0
HND,2017,2383.37398439714,9588137.0
HRV,2013,11838.4554388595,4233922.0
HRV,2014,11862.7815706266,4201598.0
HRV,2015,12283.8750299177,4151725.0
HRV,2016,12848.473748279,4106867.0
HRV,2017,13485.3711360576,4041407.0
HTI,2013,1392.38204736859,10222362.0
HTI,2014,1411.76834802154,10373235.0
HTI,2015,1411.12684746796,10523242.0
HTI,2016,1416.74881879698,10671457.0
HTI,2017,1432.67228609541,10817754.0
HUN,2013,11729.5720798501,9872734.0
HUN,2014,12287.3779441033,9833038.0
HUN,2015,12782.9412577973,9797755.0
HUN,2016,13145.6559885563,9759755.0
HUN,2017,13734.2442804335,9726756.0
IDN,2013,3055.24246006469,255852467.0
IDN,2014,3170.72103011429,258877399.0
IDN,2015,3288.22269725538,261799249.0
IDN,2016,3416.81005170972,264627418.0
IDN,2017,3553.51999262321,267346658.0
IMN,2013,80383.8273088527,
IMN,2014,84778.5806639347,
IMN,2015,84753.5187422732,
IMN,2016,90783.7647245394,
IMN,2017,93200.3108083857,
IND,2013,1399.4537980281,1295829511.0
IND,2014,1484.31640682961,1312277191.0
IND,2015,1583.99815907985,1328024498.0
IND,2016,1694.46534973787,1343944296.0
IND,2017,1788.69770318481,1359657400.0
IRL,2013,47928.0346487005,4623816.0
IRL,2014,52044.6201181887,4657740.0
IRL,2015,64250.1385181257,4701957.0
IRL,2016,64205.979777351,4762722.0
IRL,2017,69748.6221034014,4827445.0
IRN,2013,4916.97291948475,80414686.0
IRN,2014,5093.20319702187,81502045.0
IRN,2015,4952.73355532178,82619362.0
IRN,2016,5312.61724954192,83812228.0
IRN,2017,5395.2398398598,85026754.0
IRQ,2013,4504.82687537354,35281989.0
IRQ,2014,4446.97343234862,36550059.0
IRQ,2015,4440.14189252367,37560535.0
IRQ,2016,4932.9272911439,38469627.0
IRQ,2017,4736.32710809857,39337353.0
ISL,2013,51696.0876507326,323764.0
ISL,2014,52102.575810195,327386.0
ISL,2015,53505.6964079339,330815.0
ISL,2016,56049.2928672039,335439.0
ISL,2017,56657.9800322797,343400.0
ISR,2013,,8059500.0
ISR,2014,,8215700.0
ISR,2015,,8380100.0
ISR,2016,,8546000.0
ISR,2017,,8713300.0
ITA,2013,30330.0221599668,60311613.0
ITA,2014,30325.0287793923,60320707.0
ITA,2015,30639.8829751432,60229605.0
ITA,2016,31077.6792675211,60115223.0
ITA,2017,31635.52277108,60002252.0
JAM,2013,5289.88438546111,2783687.0
JAM,2014,5307.19165380801,2793749.0
JAM,2015,5339.30718256806,2802534.0
JAM,2016,5472.28314023034,2809915.0
JAM,2017,5586.1365723133,2815764.0
JOR,2013,5007.76162067161,7991809.0
JOR,2014,4703.39944986815,8791710.0
JOR,2015,4441.61896013754,9544729.0
JOR,2016,4326.17261571505,10006367.0
JOR,2017,4335.92512689541,10234226.0
JPN,2013,34636.6924746166,127445000.0
JPN,2014,34996.8796756631,127276000.0
JPN,2015,35664.6446110613,127141000.0
JPN,2016,35934.4467886662,127076000.0
JPN,2017,36547.7357437305,126972000.0
KAZ,2013,9959.72586930534,17556502.0
KAZ,2014,10226.7100539683,17816285.0
KAZ,2015,10196.1226255982,18084169.0
KAZ,2016,10151.423313302,18363600.0
KAZ,2017,10404.2718646317,18651931.0
KEN,2013,1413.94142522583,44986791.0
KEN,2014,1450.59338202277,46051440.0
KEN,2015,1489.11959777284,47088526.0
KEN,2016,1517.97796057742,48139687.0
KEN,2017,1542.33773973372,49197766.0
KGZ,2013,1069.78404438716,5777150.0
KGZ,2014,1088.58214229508,5905848.0
KGZ,2015,1105.65193844261,6040036.0
KGZ,2016,1128.3161612818,6175338.0
KGZ,2017,1157.18275758067,6306696.0
KHM,2013,1376.29557595926,15170208.0
KHM,2014,1464.53115866927,15396772.0
KHM,2015,1547.32010444393,15623251.0
KHM,2016,1645.46671578126,15852803.0
KHM,2017,1753.93530504662,16073372.0
KIR,2013,1493.49148676402,113838.0
KIR,2014,1492.8508200481,115326.0
KIR,2015,1639.85274740652,116815.0
KIR,2016,1731.43702001694,118478.0
KIR,2017,1768.87874841933,120275.0
KNA,2013,18773.8926898397,47069.0
KNA,2014,20187.8061975481,47089.0
KNA,2015,20328.8003530109,47087.0
KNA,2016,21133.6575914414,47075.0
KNA,2017,21191.6047083703,47050.0
KOR,2013,28732.711152033,50428893.0
KOR,2014,29470.6732991655,50746659.0
KOR,2015,30171.7906545222,51014947.0
KOR,2016,31005.4072876388,51217803.0
KOR,2017,31979.9027302467,51361911.0
KWT,2013,32311.1800008536,3507844.0
KWT,2014,31073.1537300624,3665876.0
KWT,2015,29882.2126495698,3834574.0
KWT,2016,29454.4426388829,4004096.0
KWT,2017,27048.3706935958,4154812.0
LAO,2013,1890.27861294875,6611385.0
LAO,2014,2006.31195444447,6703172.0
LAO,2015,2121.01339097363,6801645.0
LAO,2016,2234.76098741846,6908802.0
LAO,2017,2351.57441747595,7018147.0
LBN,2013,8443.53856528784,5743436.0
LBN,2014,7830.4151113336,6346990.0
LBN,2015,7714.1099998804,6472469.0
LBN,2016,8019.1416913426,6323060.0
LBN,2017,8305.57405425721,6160128.0
LBR,2013,717.007280358975,4470239.0
LBR,2014,707.157694930142,4564293.0
LBR,2015,692.590082351257,4659431.0
LBR,2016,668.031513175601,4755608.0
LBR,2017,671.260899835355,4848925.0
LBY,2013,10126.314927806,6304628.0
LBY,2014,7644.24843947404,6427252.0
LBY,2015,7458.48917756374,6531819.0
LBY,2016,7236.16409923502,6632126.0
LBY,2017,9435.60060040046,6738770.0
LCA,2013,,173369.0
LCA,2014,,174138.0
LCA,2015,,174905.0
LCA,2016,,175646.0
LCA,2017,,176342.0
LIE,2013,,36984.0
LIE,2014,,37248.0
LIE,2015,167187.15730982,37494.0
LIE,2016,,37716.0
LIE,2017,,37962.0
LKA,2013,3728.93585962083,20585000.0
LKA,2014,3929.92061307909,20778000.0
LKA,2015,4057.71582716521,20970000.0
LKA,2016,4214.74117217382,21209000.0
LKA,2017,4436.00789131029,21453000.0
LSO,2013,1093.95323489272,2056504.0
LSO,2014,1100.04993684215,2080089.0
LSO,2015,1121.19851342518,2104611.0
LSO,2016,1147.58748801671,2130422.0
LSO,2017,1097.82166812752,2157110.0
LTU,2013,13145.8069309969,2961250.0
LTU,2014,13753.1895982305,2937253.0
LTU,2015,14269.8039878287,2911109.0
LTU,2016,14823.107153522,2877325.0
LTU,2017,15695.9993288456,2842639.0
LUX,2013,105340.41498623,543360.0
LUX,2014,105585.401767492,556319.0
LUX,2015,105462.012584423,569604.0
LUX,2016,108351.452194449,582014.0
LUX,2017,107142.05542835,596336.0
LVA,2013,12353.5386135301,2012647.0
LVA,2014,12731.6771959342,1993782.0
LVA,2015,13321.9753140616,1977527.0
LVA,2016,13787.3367440023,1959537.0
LVA,2017,14382.8612727134,1942248.0
MAC,2013,99054.4980289716,591900.0
MAC,2014,92383.8434915276,621700.0
MAC,2015,69902.9605741233,642900.0
MAC,2016,68391.3415491921,652500.0
MAC,2017,75650.1261840452,648400.0
MAF,2013,,37419.0
MAF,2014,,37450.0
MAF,2015,,37369.0
MAF,2016,,37175.0
MAF,2017,,36837.0
MAR,2013,3008.185546875,33787571.0
MAR,2014,3051.458984375,34204780.0
MAR,2015,3146.24780273438,34607588.0
MAR,2016,3124.42504882813,35023457.0
MAR,2017,3242.64428710938,35446392.0
MCO,2013,157167.901201149,35447.0
MCO,2014,165288.122704322,36128.0
MCO,2015,170437.021128628,36757.0
MCO,2016,173120.108465128,37276.0
MCO,2017,165781.701248644,37678.0
MDA,2013,2605.85029986142,2859558.0
MDA,2014,2737.80185056647,2857815.0
MDA,2015,2749.55137054338,2835978.0
MDA,2016,2910.95486872376,2803186.0
MDA,2017,3085.33305844263,2755189.0
MDG,2013,440.674658903628,24109290.0
MDG,2014,443.343869908205,24764348.0
MDG,2015,445.320069480568,25426702.0
MDG,2016,451.15659433146,26099952.0
MDG,2017,456.851859574031,26788375.0
MDV,2013,9213.32791442475,400070.0
MDV,2014,9612.07861806739,413617.0
MDV,2015,9644.90655028145,428154.0
MDV,2016,9909.07669723415,443308.0
MDV,2017,10263.2991147672,458287.0
MEX,2013,9738.71059661101,118343573.0
MEX,2014,9862.4812534745,119784261.0
MEX,2015,10021.2386113616,121072306.0
MEX,2016,10100.5021195819,122251351.0
MEX,2017,10193.7727188313,123400057.0
MHL,2013,3602.92811901896,50681.0
MHL,2014,3620.77275283155,49796.0
MHL,2015,3764.34426229508,48800.0
MHL,2016,3946.8444109078,47709.0
MHL,2017,4190.93468589482,46529.0
MKD,2013,4863.68088666968,1922716.0
MKD,2014,5053.75001236367,1917557.0
MKD,2015,5262.68671928674,1912430.0
MKD,2016,5429.94678358359,1906313.0
MKD,2017,5510.81862920922,1898657.0
MLI,2013,788.819448208696,17459615.0
MLI,2014,813.97566128646,18020267.0
MLI,2015,838.11986940103,18593022.0
MLI,2016,860.75307554569,19191289.0
MLI,2017,878.561348378099,19813011.0
MLT,2013,22626.4876843887,424810.0
MLT,2014,23866.0555833557,433481.0
MLT,2015,25529.6693210673,444220.0
MLT,2016,25969.4999809345,454505.0
MLT,2017,28546.6464943104,467106.0
MMR,2013,1024.69060473254,50262658.0
MMR,2014,1099.24387750099,50681634.0
MMR,2015,1166.73305546337,51089056.0
MMR,2016,1225.37913970989,51495696.0
MMR,2017,1290.5640902569,51894938.0
MNE,2013,6138.24865275199,622587.0
MNE,2014,6272.08821761355,623744.0
MNE,2015,6421.00005731419,624651.0
MNE,2016,6634.38197201003,625353.0
MNE,2017,6840.90834101224,625982.0
MNG,2013,3628.90708069575,2899011.0
MNG,2014,3830.35892049593,2963113.0
MNG,2015,3838.92126989984,3026864.0
MNG,2016,3817.91962716702,3088856.0
MNG,2017,3956.2049437134,3148917.0
MNP,2013,16015.0349164338,52758.0
MNP,2014,16869.5270385638,52178.0
MNP,2015,17665.1007493109,51514.0
MNP,2016,23158.5744988538,50773.0
MNP,2017,28989.3470221339,49959.0
MOZ,2013,559.393953685688,25051611.0
MOZ,2014,585.266716133984,25788475.0
MOZ,2015,610.563774706589,26547572.0
MOZ,2016,620.779714954555,27337105.0
MOZ,2017,618.397694360334,28166393.0
MRT,2013,1506.66419033006,3734318.0
MRT,2014,1524.45340969502,3848514.0
MRT,2015,1558.84205473416,3965959.0
MRT,2016,1531.87725661699,4086657.0
MRT,2017,1580.01453100123,4210600.0
MUS,2013,8968.51243536773,1258927.0
MUS,2014,9297.64820128968,1261208.0
MUS,2015,9630.5437837507,1262879.0
MUS,2016,9997.89198315532,1263747.0
MUS,2017,10383.8832682578,1264887.0
MWI,2013,525.357645516557,16161816.0
MWI,2014,539.562601918057,16621538.0
MWI,2015,539.605363240686,17085587.0
MWI,2016,538.221990810959,17557739.0
MWI,2017,544.795729220349,18039715.0
MYS,2013,8964.80724896203,30174265.0
MYS,2014,9341.73055971278,30696137.0
MYS,2015,9648.6797937523,31232798.0
MYS,2016,9901.47960179812,31789685.0
MYS,2017,10293.7629205362,32355644.0
NAM,2013,4549.26759093897,2252508.0
NAM,2014,4701.95694189098,2312139.0
NAM,2015,4774.10650865775,2374300.0
NAM,2016,4648.62713460213,2439213.0
NAM,2017,4476.73324402105,2506853.0
NCL,2013,,276822.0
NCL,2014,,281224.0
NCL,2015,30858.7237060533,283168.0
NCL,2016,,283423.0
NCL,2017,,283546.0
NER,2013,469.690214200878,18519898.0
NER,2014,482.74524741946,19215909.0
NER,2015,485.662574175279,19939498.0
NER,2016,488.184823801581,20685753.0
NER,2017,497.172608329608,21435446.0
NGA,2013,2495.34106573862,181049443.0
NGA,2014,2583.61556958171,185896915.0
NGA,2015,2585.73360671797,190671878.0
NGA,2016,2481.81490350403,195443700.0
NGA,2017,2441.71236404537,200254579.0
NIC,2013,1941.45628552626,5983845.0
NIC,2014,2006.64869646533,6066492.0
NIC,2015,2074.45620634731,6149417.0
NIC,2016,2140.14405941606,6232666.0
NIC,2017,2209.63273423213,6316231.0
NLD,2013,44487.0378593394,16804432.0
NLD,2014,45042.0515907444,16865008.0
NLD,2015,45793.8135434697,16939923.0
NLD,2016,46655.0340264754,17030314.0
NLD,2017,47670.0858101833,17131296.0
NOR,2013,75711.2410395262,5079623.0
NOR,2014,76430.7374974687,5137232.0
NOR,2015,77220.9524311414,5188607.0
NOR,2016,77532.2750022669,5234519.0
NOR,2017,78961.7757906168,5276968.0
NPL,2013,801.039060847856,27589996.0
NPL,2014,846.665541773599,27672370.0
NPL,2015,875.543635474862,27823629.0
NPL,2016,875.188943730855,27955462.0
NPL,2017,951.857298563641,28011258.0
NRU,2013,6735.42128061862,10517.0
NRU,2014,7638.99065218892,10742.0
NRU,2015,7747.25584993607,10954.0
NRU,2016,7925.5779662048,11150.0
NRU,2017,7308.31758516515,11324.0
NZL,2013,37240.0279166822,4442100.0
NZL,2014,38025.4674998632,4516500.0
NZL,2015,38648.7302562109,4609400.0
NZL,2016,39205.0341298225,4714100.0
NZL,2017,39667.6884236272,4813600.0
OMN,2013,19299.9400516869,3833913.0
OMN,2014,18726.2026946971,4002439.0
OMN,2015,18808.3077921839,4184895.0
OMN,2016,18830.6057208608,4390877.0
OMN,2017,18277.945563615,4537396.0
PAK,2013,1309.70080446386,211073978.0
PAK,2014,1343.30778121043,214264647.0
PAK,2015,1380.47020838317,217290883.0
PAK,2016,1452.18658269177,220138869.0
PAK,2017,1495.26187528032,223273967.0
PAN,2013,13236.8306754449,3825329.0
PAN,2014,13611.5490809559,3892101.0
PAN,2015,14082.6548502728,3960035.0
PAN,2016,14474.1243636349,4029086.0
PAN,2017,15045.5456426827,4098707.0
PER,2013,6021.46142765232,29817919.0
PER,2014,6103.91864749969,30115826.0
PER,2015,6231.71150338894,30457600.0
PER,2016,6392.25474941014,30866494.0
PER,2017,6457.41940254721,31324637.0
PHL,2013,2654.41506933978,102076336.0
PHL,2014,2776.92005909479,103767130.0
PHL,2015,2909.85818010301,105312992.0
PHL,2016,3076.3374186759,106735719.0
PHL,2017,3247.4503878362,108119693.0
PLW,2013,14184.0449521037,17648.0
PLW,2014,14725.8436432778,17715.0
PLW,2015,15938.3652222848,17770.0
PLW,2016,16179.3959628749,17797.0
PLW,2017,15612.6700180498,17812.0
PNG,2013,2162.10592595591,8302698.0
PNG,2014,2391.3578028163,8523441.0
PNG,2015,2484.5963398603,8743246.0
PNG,2016,2557.09463030035,8961718.0
PNG,2017,2584.8883636271,9178714.0
POL,2013,11628.2286809525,38040196.0
POL,2014,12093.1622787394,38011735.0
POL,2015,12637.5220324406,37986412.0
POL,2016,13026.1858988718,37970087.0
POL,2017,13695.6452848724,37974826.0
PRI,2013,29115.3549161996,3631427.0
PRI,2014,29141.2038639816,3585017.0
PRI,2015,29242.041465085,3535167.0
PRI,2016,29326.5748761873,3480432.0
PRI,2017,29061.5563802711,3410837.0
PRK,2013,,25329451.0
PRK,2014,,25451262.0
PRK,2015,,25575350.0
PRK,2016,,25698326.0
PRK,2017,,25817709.0
PRT,2013,18597.7214623964,10457295.0
PRT,2014,18836.8967978906,10401062.0
PRT,2015,19215.7813014347,10358076.0
PRT,2016,19662.82312462,10325452.0
PRT,2017,20364.1962735946,10300300.0
PRY,2013,5583.12274473463,5982445.0
PRY,2014,5794.4764468976,6069811.0
PRY,2015,5879.33792308671,6159103.0
PRY,2016,6041.95879367268,6249126.0
PRY,2017,6243.13363139058,6338660.0
PSE,2013,3309.63120243098,4076708.0
PSE,2014,3227.84934482645,4173398.0
PSE,2015,3272.15432360708,4270092.0
PSE,2016,3483.09903532972,4367088.0
PSE,2017,3462.97986107136,4454805.0
PYF,2013,18930.1268887012,274728.0
PYF,2014,18928.1858620128,276387.0
PYF,2015,19166.9594761931,277866.0
PYF,2016,19516.0718353276,279178.0
PYF,2017,20287.7685831663,280087.0
QAT,2013,77379.6735599552,1916426.0
QAT,2014,71756.0649338302,2151745.0
QAT,2015,68985.2946961507,2344557.0
QAT,2016,67294.4585771356,2477113.0
QAT,2017,64497.6987225375,2545820.0
ROU,2013,8287.95844089676,19983693.0
ROU,2014,8661.47397274241,19908979.0
ROU,2015,8977.01748158196,19815616.0
ROU,2016,9286.87678236598,19702267.0
ROU,2017,10106.2269557253,19588715.0
RUS,2013,9601.537109375,143805638.0
RUS,2014,9493.8125,144237223.0
RUS,2015,9277.7138671875,144640716.0
RUS,2016,9269.3173828125,145015460.0
RUS,2017,9418.99609375,145293260.0
RWA,2013,661.893969452494,11093340.0
RWA,2014,682.709499066795,11364757.0
RWA,2015,725.691418696952,11640022.0
RWA,2016,748.798132068173,11919183.0
RWA,2017,765.845359390541,12202060.0
SAU,2013,23057.3494468535,27624004.0
SAU,2014,23404.7306039825,28309273.0
SAU,2015,23256.1549553531,29816382.0
SAU,2016,22783.0328538685,30954198.0
SAU,2017,23035.1199977707,30977355.0
SDN,2013,1283.45922851563,37785849.0
SDN,2014,1307.3896484375,38823318.0
SDN,2015,1292.37963867188,40024431.0
SDN,2016,1297.15454101563,41259892.0
SDN,2017,1261.87353515625,42714306.0
SEN,2013,1147.3859217191,13710849.0
SEN,2014,1180.7987108505,14152102.0
SEN,2015,1218.00613555438,14593331.0
SEN,2016,1257.40906916238,15034521.0
SEN,2017,1312.10932775878,15475002.0
SGP,2013,53298.9728558286,5399162.0
SGP,2014,54681.9336458253,5469724.0
SGP,2015,55645.6068614606,5535002.0
SGP,2016,57076.5241936787,5607283.0
SGP,2017,59493.3758595703,5612253.0
SLB,2013,2136.72116177034,594945.0
SLB,2014,2085.16067273086,616908.0
SLB,2015,2045.47721526649,639415.0
SLB,2016,2084.24845745225,662379.0
SLB,2017,2075.36705302305,685672.0
SLE,2013,1146.81973456475,6714051.0
SLE,2014,1032.23789355905,6876385.0
SLE,2015,964.575980888989,7037655.0
SLE,2016,1002.77862282013,7205328.0
SLE,2017,1010.54694071207,7379299.0
SLV,2013,3665.90044167854,6138839.0
SLV,2014,3713.94992016222,6162955.0
SLV,2015,3790.34089108162,6183676.0
SLV,2016,3875.84691357954,6200800.0
SLV,2017,3954.84014277572,6213533.0
SMR,2013,42293.4679807917,33041.0
SMR,2014,42492.831738275,32655.0
SMR,2015,43146.8035302005,32897.0
SMR,2016,43886.1965081114,33101.0
SMR,2017,43057.7582484571,33825.0
SOM,2013,397.108796344814,12869594.0
SOM,2014,417.516796906402,13339491.0
SOM,2015,445.583080073396,13806963.0
SOM,2016,458.92147682461,14348740.0
SOM,2017,506.501098879426,14916629.0
SRB,2013,5793.33614525565,7166553.0
SRB,2014,5716.54047153506,7131787.0
SRB,2015,5820.3215576888,7095383.0
SRB,2016,6024.95754653784,7058322.0
SRB,2017,6200.26118592152,7020858.0
SSD,2013,1165.16202707495,11166275.0
SSD,2014,1197.09491969479,11235073.0
SSD,2015,1080.14718624765,11107561.0
SSD,2016,,10830102.0
SSD,2017,,10259154.0
STP,2013,1263.70423995281,193148.0
STP,2014,1301.32146445028,196767.0
STP,2015,1298.10946596396,200291.0
STP,2016,1342.533807689,203689.0
STP,2017,1375.59403284199,206970.0
SUR,2013,9303.46008775809,569020.0
SUR,2014,9224.24378410547,575373.0
SUR,2015,8813.61705392067,581627.0
SUR,2016,8293.31553031406,587757.0
SUR,2017,8338.69235401862,593713.0
SVK,2013,15249.8824513785,5413393.0
SVK,2014,15647.6491763517,5418649.0
SVK,2015,16442.0760860018,5423801.0
SVK,2016,16740.7413996428,5430798.0
SVK,2017,17195.2888721963,5439232.0
SVN,2013,19704.2186005128,2059953.0
SVN,2014,20228.7081986391,2061980.0
SVN,2015,20697.2748530619,2063531.0
SVN,2016,21309.7122138949,2065042.0
SVN,2017,22397.7634988337,2066388.0
SWE,2013,48928.4994141291,9600379.0
SWE,2014,49557.6183647959,9696110.0
SWE,2015,51188.1652120493,9799186.0
SWE,2016,51626.3235312369,9923085.0
SWE,2017,51894.3748177808,10057698.0
SWZ,2013,3332.11983927912,1129990.0
SWZ,2014,3381.79292071291,1136299.0
SWZ,2015,3419.82276559528,1142813.0
SWZ,2016,3500.17688847942,1149507.0
SWZ,2017,3596.23605400492,1158195.0
SXM,2013,38889.7715088035,35854.0
SXM,2014,38623.1999405819,36672.0
SXM,2015,37839.6283815163,37471.0
SXM,2016,37428.7027557069,38249.0
SXM,2017,33945.4185182499,38996.0
SYC,2013,14050.3135581314,89949.0
SYC,2014,14395.6158118771,91359.0
SYC,2015,15333.1051727105,93419.0
SYC,2016,16962.6753972731,94677.0
SYC,2017,17921.5731976918,95843.0
SYR,2013,884.328816905262,21666917.0
SYR,2014,847.658909813856,20273659.0
SYR,2015,847.731545352582,19424618.0
SYR,2016,802.968607901263,19193834.0
SYR,2017,795.881817153216,19224668.0
TCA,2013,26477.5410719582,33653.0
TCA,2014,27636.8210228067,35050.0
TCA,2015,29457.0140691162,36605.0
TCA,2016,30183.0002949881,38315.0
TCA,2017,50586.1032335151,39913.0
TCD,2013,1008.61711428961,13691079.0
TCD,2014,993.321157706456,14188678.0
TCD,2015,993.990730610869,14647621.0
TCD,2016,923.565872051196,15114655.0
TCD,2017,879.075895464417,15622759.0
TGO,2013,759.841612443554,6798848.0
TGO,2014,786.587399651446,6937644.0
TGO,2015,813.894676975085,7071502.0
TGO,2016,832.959515987733,7200884.0
TGO,2017,851.735728621337,7324386.0
THA,2013,5516.61164164135,69845114.0
THA,2014,5541.46599361845,70216367.0
THA,2015,5688.85335397884,70540795.0
THA,2016,5857.78052935926,70859841.0
THA,2017,6076.74307700082,71160187.0
TJK,2013,889.882383099979,8216724.0
TJK,2014,925.970961482804,8425552.0
TJK,2015,956.916310930656,8643840.0
TJK,2016,997.352614556708,8865631.0
TJK,2017,1042.26391757642,9085946.0
TKM,2013,5131.14087328544,5939341.0
TKM,2014,5535.50161297771,6075283.0
TKM,2015,5759.497903834,6215770.0
TKM,2016,5979.47627661058,6360041.0
TKM,2017,6221.41962759021,6507061.0
TLS,2013,1281.92864092574,1158695.0
TLS,2014,1312.96494079465,1181903.0
TLS,2015,1319.59297370991,1205131.0
TLS,2016,1333.6585468432,1228312.0
TLS,2017,1267.08660142883,1251703.0
TON,2013,3962.16980948788,107078.0
TON,2014,4058.81584447473,106609.0
TON,2015,4123.90347238813,106095.0
TON,2016,4419.8147470039,105524.0
TON,2017,4568.62484962494,105356.0
TTO,2013,19392.1974593783,1340557.0
TTO,2014,20032.5402001718,1345343.0
TTO,2015,19887.2327716498,1349667.0
TTO,2016,18331.034459758,1353895.0
TTO,2017,17402.6155328454,1356633.0
TUN,2013,3947.58763533174,11141361.0
TUN,2014,4021.59954703591,11274288.0
TUN,2015,4014.94773686432,11402264.0
TUN,2016,4015.28893802703,11528674.0
TUN,2017,4062.80606534519,11650498.0
TUR,2013,10269.4489140773,76147624.0
TUR,2014,10597.9801881716,77181884.0
TUR,2015,11064.6494504662,78218479.0
TUR,2016,11279.6169531569,79277962.0
TUR,2017,12005.6459824832,80312698.0
TUV,2013,3030.55285189857,11001.0
TUV,2014,3035.24325598472,10984.0
TUV,2015,3357.83417700071,10963.0
TUV,2016,3558.61212970652,10930.0
TUV,2017,3666.20189700038,10869.0
TZA,2013,882.8115234375,48824128.0
TZA,2014,913.811218261719,50351512.0
TZA,2015,939.127319335938,52020962.0
TZA,2016,970.156127929688,53824013.0
TZA,2017,1001.55895996094,55652890.0
UGA,2013,828.988669729986,35337042.0
UGA,2014,845.978664791099,36395539.0
UGA,2015,862.934610355811,37531446.0
UGA,2016,874.648370639216,38799152.0
UGA,2017,871.093880017151,40177388.0
UKR,2013,2432.41625976563,46126770.0
UKR,2014,2308.6435546875,45972380.0
UKR,2015,2094.47387695313,45784896.0
UKR,2016,2156.0830078125,45616832.0
UKR,2017,2217.7529296875,45436041.0
URY,2013,16639.4054750651,3345337.0
URY,2014,17122.0364563225,3356334.0
URY,2015,17125.9016800298,3368017.0
URY,2016,17357.2349992841,3379283.0
URY,2017,17611.6036800874,3388438.0
USA,2013,54728.860179812,316726282.0
USA,2014,55665.2411187802,319257560.0
USA,2015,56849.4697923159,321815121.0
USA,2016,57430.8499298804,324353340.0
USA,2017,58435.9707535619,326608609.0
UZB,2013,2823.00205379328,29724065.0
UZB,2014,2990.56339751192,30222994.0
UZB,2015,3172.89899391083,30749346.0
UZB,2016,3327.90932206401,31284568.0
UZB,2017,3425.78819696408,31819178.0
VCT,2013,6996.57386151332,108135.0
VCT,2014,7116.22071347207,107535.0
VCT,2015,7353.73556054184,106960.0
VCT,2016,7702.8942635647,106349.0
VCT,2017,7872.92690537077,105663.0
VEN,2013,4642.55149314778,29912198.0
VEN,2014,4412.9795921313,30254079.0
VEN,2015,4096.61989137473,30573972.0
VEN,2016,3374.43091608185,30765720.0
VEN,2017,2863.33227846365,30565323.0
VGB,2013,,31703.0
VGB,2014,,32962.0
VGB,2015,,34498.0
VGB,2016,,33878.0
VGB,2017,,32699.0
VIR,2013,34663.6460602129,108041.0
VIR,2014,34098.7109972738,107882.0
VIR,2015,34007.3529411765,107712.0
VIR,2016,34614.7482633247,107516.0
VIR,2017,34435.4944455756,107281.0
VNM,2013,2320.08431444934,90573104.0
VNM,2014,2439.28655744423,91679578.0
VNM,2015,2577.56885340113,92823254.0
VNM,2016,2715.57887431272,94000117.0
VNM,2017,2868.13680013379,95176977.0
VUT,2013,3149.6849727764,254482.0
VUT,2014,3175.63375342175,260240.0
VUT,2015,3214.41948587141,266101.0
VUT,2016,3257.49719984988,272087.0
VUT,2017,3316.81034596861,278507.0
WSM,2013,3976.39289268132,198268.0
WSM,2014,3967.23730470679,200037.0
WSM,2015,4084.36083819933,201782.0
WSM,2016,4373.23792440391,203499.0
WSM,2017,4393.37316255965,205415.0
XKX,2013,3163.4704088827,1818119.0
XKX,2014,3279.02345017707,1812788.0
XKX,2015,3520.62685324451,1788274.0
XKX,2016,3739.17386677497,1777568.0
XKX,2017,3890.17624537261,1791019.0
YEM,2013,2014.7289059487,29312952.0
YEM,2014,1950.1625450589,30226309.0
YEM,2015,1362.1738120601,31159379.0
YEM,2016,1197.95865971172,32109010.0
YEM,2017,1103.45634849842,33090921.0
ZAF,2013,6170.87670863373,54678791.0
ZAF,2014,6155.00589462516,55594838.0
ZAF,2015,6112.27382485974,56723537.0
ZAF,2016,6095.295060428,57259551.0
ZAF,2017,6125.6920507497,57635162.0
ZMB,2013,1280.77012176778,15398997.0
ZMB,2014,1299.01241762504,15895315.0
ZMB,2015,1295.87788680068,16399089.0
ZMB,2016,1303.57513869133,16914423.0
ZMB,2017,1308.76829240086,17441320.0
ZWE,2013,1367.81831689463,14013808.0
ZWE,2014,1381.25404125871,14207359.0
ZWE,2015,1387.12632595026,14399013.0
ZWE,2016,1378.34256192374,14600294.0
ZWE,2017,1422.91948946927,14812482.0
